datetime,daily_ret_gross,cost,daily_ret_net,bench_ret,nav,bench_nav
2023-01-03,0.0,0.0,0.0,0.004202365875244141,1.0,1.0042023658752441
2023-01-04,4.365574568510055e-18,0.0004586603522974296,-0.00045866035229742523,0.0012989044189453125,0.9995413396477025,1.0055067287657948
2023-01-05,0.02877434895733089,0.0003593463070162667,0.028415002650314623,0.01942753791809082,1.0279433094628911,1.0250412488657878
2023-01-06,0.0015135424768462893,0.0003251500076275274,0.0011883924692187619,0.003101825714111328,1.0291649095506408,1.0282207481695445
2023-01-09,0.01231665018753326,0.0003364470301168777,0.011980203157416382,0.008096098899841309,1.0414945142495415,1.036545325037594
2023-01-10,0.007678226467317428,0.0003356750912240051,0.007342551376093422,0.001083970069885254,1.0491417412283381,1.0376689091460143
2023-01-11,-0.0034093870093436346,0.0003569298661131804,-0.003766316875456815,-0.0018519163131713867,1.0451903409836036,1.035747233165496
2023-01-12,-0.0004344179183923082,0.00033243194488796453,-0.0007668498632802728,0.0019550323486328125,1.0443888369135186,1.0377721525113415
2023-01-13,0.01442209812985392,0.0003467556895939577,0.014075342440259963,0.014064788818359375,1.0590889674338613,1.0523681986779878
2023-01-16,0.010311647718140282,0.0003296292934789219,0.00998201842466136,0.015604853630065918,1.0696608130201415,1.068790250383294
2023-01-17,0.002104660821058336,0.0003436695454361204,0.0017609912756222155,-0.00017404556274414062,1.071544476379745,1.0686042321827105
2023-01-18,0.0019534406549798437,0.00033523583039860965,0.001618204824581234,-0.0016750693321228027,1.073278454821176,1.0668142460052046
2023-01-19,0.005007529834636959,0.0003333947803370669,0.004674135054299892,0.006222367286682129,1.0782951032698804,1.0734523560705138
2023-01-20,0.005002153764554989,0.00034541555504393525,0.004656738209511054,0.006140589714050293,1.083316441278406,1.0800439865667235
2023-01-30,0.005821603648004407,0.00032972733784923636,0.00549187631015517,0.004739880561828613,1.0892658811786646,1.085163266064571
2023-01-31,-0.0060095801328898975,0.00034542983594727756,-0.006355009968837175,-0.010589420795440674,1.08234358564506,1.0736720156084585
2023-02-01,0.004541341072268541,0.0003301815076652508,0.00421115956460329,0.009398818016052246,1.0869015071879362,1.0837632634920904
2023-02-02,-0.0026239256050013915,0.00033600746308202486,-0.002959933068083416,-0.0035223960876464844,1.083684351475061,1.079945820012831
2023-02-03,-0.007357101241841962,0.00033632270304050977,-0.007693423944882471,-0.009451985359191895,1.0753471083367283,1.0697381879333492
2023-02-06,-0.008396205631256105,0.0003178189702002142,-0.00871402460145632,-0.013219475746154785,1.065976507179577,1.0555968099032287
2023-02-07,0.0009597436218727721,0.0003330941946927654,0.0006266494271800067,0.001798391342163086,1.0666445007471885,1.0574951860669737
2023-02-08,-0.0011284865153865279,0.0003320188730763909,-0.001460505388462919,-0.004418432712554932,1.065086660706273,1.052822714743486
2023-02-09,0.009979847421397467,0.00033477746983046557,0.009645069951567001,0.013424515724182129,1.075359496053266,1.0669563498323362
2023-02-10,-0.0006261067962551227,0.0003305992449735463,-0.000956706041228669,-0.005943119525909424,1.0743306931268992,1.0606153007163546
2023-02-13,0.006171972520985364,0.0003371070842277744,0.005834865436757589,0.009073972702026367,1.0805992681558731,1.0702392950024062
2023-02-14,0.0027067655422464503,0.00033090893032936686,0.0023758566119170834,0.0004150867462158203,1.083166617071954,1.070683537149041
2023-02-15,-0.0066027140851361065,0.0003326773622899676,-0.0069353914474260744,-0.005210757255554199,1.0756544325797759,1.0651044651394392
2023-02-16,-0.008336589564929076,0.0003245959358348867,-0.008661185500763963,-0.007323503494262695,1.0663379900044834,1.0573041688672358
2023-02-17,-0.007298162689141299,0.00032478792986689387,-0.007622950619008193,-0.014408230781555176,1.0582093481635066,1.0420702863958962
2023-02-20,0.012774383711425957,0.0003433179100136994,0.012431065801412258,0.024533390998840332,1.0713640182021966,1.0676358041803202
2023-02-21,0.00660833804414081,0.00032530883624086243,0.006283029207899948,0.0026273727416992188,1.078095429620854,1.0704408813902857
2023-02-22,-0.0035739349353058583,0.0003372104387746936,-0.003911145374080552,-0.009024322032928467,1.073878841668475,1.060780878159408
2023-02-23,0.0006331545087488104,0.0003295658003961659,0.0003035887083526445,-0.000803530216217041,1.0742048591589444,1.0599285086710215
2023-02-24,-0.008794812354034842,0.0003236184784792951,-0.009118430832514138,-0.010380983352661133,1.0644097964507528,1.0489254084674966
2023-02-27,-0.0046776411868069655,0.00032409066198742134,-0.005001731848794387,-0.004237830638885498,1.0590859040716765,1.0444802402335875
2023-02-28,0.006425006412750792,0.0003298966738017762,0.006095109738949016,0.006335616111755371,1.0655411488799673,1.0510976660720215
2023-03-01,0.0129544019802656,0.0003352518754105026,0.012619150104855098,0.014124751091003418,1.0789873725805834,1.0659441589776235
2023-03-02,0.0048740388759086865,0.00033490534502588593,0.0045391335308828,-0.002229154109954834,1.083885040342863,1.063568005174656
2023-03-03,0.008843091462773742,0.00032378039349782744,0.008519311069275915,0.0031108856201171875,1.0931189941648785,1.0668766435879706
2023-03-06,-0.0026157053783016295,0.00033872432516515385,-0.0029544297034667833,-0.005214810371398926,1.089889450939094,1.061313084201985
2023-03-07,-0.010499509939256527,0.0003298659485896741,-0.010829375887846202,-0.014640986919403076,1.0780866283986763,1.0457744132187923
2023-03-08,-0.002094565186947789,0.00034467547384066626,-0.0024392406607884553,-0.003640472888946533,1.0754569156588338,1.0419672998195153
2023-03-09,-0.0052237391995993985,0.0003218710365983227,-0.005545610236197721,-0.003534972667694092,1.0694928507787667,1.0382839738940224
2023-03-10,-0.011799511457291164,0.00033065853106905256,-0.012130169988360216,-0.013112366199493408,1.0565197206974841,1.0246696142092586
2023-03-13,0.00846405271665313,0.00032922752650611,0.008134825190147021,0.010473489761352539,1.0651143239353011,1.0354014809224483
2023-03-14,-0.007331889035174682,0.00032938705856537797,-0.00766127609374006,-0.0059844255447387695,1.0569541890282355,1.0292051978509558
2023-03-15,0.010252820392454306,0.0003423102366338273,0.009910510155820479,0.000552058219909668,1.067429144252837,1.0297733790404031
2023-03-16,-0.008110003757235858,0.00033675014425565774,-0.008446753901491516,-0.011976659297943115,1.0584128329640536,1.0174401341255446
2023-03-17,0.006385683081099196,0.0003351150794288137,0.006050568001670382,0.004993438720703125,1.0648168317837434,1.0225206590872844
2023-03-20,-0.0031020349417548057,0.0003344687477890519,-0.0034365036895438574,-0.0049863457679748535,1.0611575848126302,1.0174220175261777
2023-03-21,0.0034060236604785766,0.00033287154299064517,0.0030731521174879313,0.01099240779876709,1.0644186834913854,1.0286059352462698
2023-03-22,0.006529515387587141,0.000334252231913249,0.006195263155673892,0.004283905029296875,1.0710130373434303,1.0330123853854358
2023-03-23,0.007320719924791079,0.0003389126452151615,0.006981807279575918,0.009913921356201172,1.0784906439640756,1.0432535889341288
2023-03-24,-0.004077674822445612,0.0003299319007661306,-0.004407606723211743,-0.0029808878898620605,1.0737370813508185,1.04014376694482
2023-03-27,-0.006218206819473211,0.0003298159169432835,-0.006548022736416494,-0.0036179423332214355,1.0667062265291998,1.0363805867777538
2023-03-28,0.0021349514548663208,0.0003255689432587772,0.0018093825116075437,-0.0032324790954589844,1.0686363061205044,1.0330305081960551
2023-03-29,-0.002871953242591633,0.0003333867269043265,-0.0032053399694959594,0.001657724380493164,1.0652109634556417,1.034742988055285
2023-03-30,0.006651376936074743,0.0003323012189430804,0.006319075717131663,0.008085012435913086,1.0719421121884367,1.0431088979816858
2023-03-31,-0.0002597383133978856,0.0003343991862928819,-0.0005941374996907675,0.0030704736709594727,1.0713052311820879,1.046311736388882
2023-04-03,0.005965510579654309,0.0003317104894404899,0.0056338000902138195,0.00978541374206543,1.077340750690168,1.0565503296326262
2023-04-04,0.002298955274999017,0.0003368553074622266,0.0019620999675367904,0.0030655860900878906,1.079454600942123,1.0597892756266258
2023-04-06,-0.001692467314803688,0.0003229565651860202,-0.002015423879989708,-0.001576840877532959,1.0772790423620195,1.0581181565752467
2023-04-07,0.005478086239364995,0.0003287241998829003,0.005149362039482095,0.006502866744995117,1.0828263421686881,1.0649989579479153
2023-04-10,0.0037871466317414794,0.00033524517282938564,0.0034519014589120935,-0.004479348659515381,1.0865641519989686,1.060228456293246
2023-04-11,0.0018387146797539922,0.0003386849388167215,0.0015000297409372707,-0.0011352896690368652,1.0881940305424034,1.0590247898799974
2023-04-12,0.0015623188548949893,0.000332877114890931,0.0012294417400040582,-0.0006975531578063965,1.0895319017047755,1.0582860637936213
2023-04-13,-0.0026483540233300296,0.0003298822093721544,-0.002978236232702184,-0.006909430027008057,1.0862870183184334,1.0509739102872815
2023-04-14,0.0006731921603571331,0.0003307641018458079,0.00034242805851132527,0.0056574344635009766,1.0866589934731024,1.0569197263075811
2023-04-17,0.02032097132382597,0.0003372807850274053,0.019983690538798563,0.014022350311279297,1.1083744505198714,1.0717402249607675
2023-04-18,0.005075606055707835,0.0003355916895972554,0.004740014366110579,0.0030486583709716797,1.1136281613383654,1.0750075947691011
2023-04-19,-0.00732271844088979,0.0003302326820783543,-0.007652951122968144,-0.00900280475616455,1.105105619450482,1.065329511282001
2023-04-20,-0.002522899398083748,0.00033201916625023284,-0.002854918564333981,-0.0027979016304016113,1.101950632901963,1.0623488241054702
2023-04-21,-0.016537284021909144,0.00032675154173907685,-0.01686403556364822,-0.019559919834136963,1.0833672982393197,1.0415693662700776
2023-04-24,-0.010996999174852135,0.0003353227371040437,-0.011332321911956178,-0.01238161325454712,1.0710902312667854,1.0286730571991378
2023-04-25,-0.003527385951827699,0.00032230765299086345,-0.003849693604818563,-0.005014300346374512,1.066966862053294,1.023514981532118
2023-04-26,-0.0011945860970879153,0.0003409985746915173,-0.0015355846717794326,-0.0008680224418640137,1.0653284440946285,1.022626547558564
2023-04-27,0.014921809557258919,0.0003257092590644187,0.014596100298194501,0.007372617721557617,1.0808780849151531,1.0301659821656297
2023-04-28,0.004681368059606497,0.00034944682997405807,0.004331921229632439,0.010196924209594727,1.0855603636378415,1.0406705066090753
2023-05-04,0.016889072006009278,0.0003364024619865529,0.016552669544022725,0.0002880096435546875,1.1035292856072279,1.0409702297507417
2023-05-05,0.003222422069074574,0.0003415456692496802,0.0028808763998248938,-0.003317415714263916,1.1067084170826493,1.0375168987524857
2023-05-08,0.02047840284429467,0.0003444481854687588,0.02013395465882591,0.01139688491821289,1.1289908341727324,1.0493413594482688
2023-05-09,-0.003538393564562106,0.00035107969954261314,-0.0038894732641047195,-0.00856095552444458,1.1245996545077983,1.0403579947400718
2023-05-10,-0.0038489623174623668,0.00032638952982625845,-0.0041753518472886254,-0.007698774337768555,1.119904055262889,1.0323485133080745
2023-05-11,0.003177420253776431,0.0003394809593722108,0.0028379392944042204,-0.001553654670715332,1.1230822749872822,1.0307446002185674
2023-05-12,-0.008908325600771996,0.0003396628015028329,-0.009247988402274828,-0.013255953788757324,1.1126960231333993,1.017081097430059
2023-05-15,0.008150504470919837,0.0003326299649293996,0.007817874505990438,0.015523910522460938,1.121394941005571,1.0328701733806496
2023-05-16,-0.0025146108225745606,0.0003180338658375637,-0.0028326446884121242,-0.005171358585357666,1.1182184275823193,1.0275288313419777
2023-05-17,-0.005065368411090266,0.0003342140704362139,-0.005399582481526479,-0.004534661769866943,1.1121805149502257,1.0228693356330552
2023-05-18,-0.0010755947288122872,0.000333578127584961,-0.0014091728563972482,-0.0010353326797485352,1.110613260357144,1.0218103255827615
2023-05-19,-0.0007134555553490791,0.000332762302333095,-0.001046217857682174,-0.0029145479202270508,1.1094513169311797,1.0188322104234677
2023-05-22,0.008634752366258831,0.00033071093920531065,0.008304041427053521,0.0062847137451171875,1.1186642466282752,1.0252352792202841
2023-05-23,-0.011232264284341965,0.00033458724845690394,-0.011566851532798869,-0.01414346694946289,1.1057248233724757,1.0107348979332087
2023-05-24,-0.013772591935807354,0.0003293276863657824,-0.014101919622173137,-0.013824999332427979,1.0901319807890355,0.9967614886440205
2023-05-25,-0.0031313806699249792,0.00033312110370053755,-0.003464501773625517,-0.002225935459136963,1.0863552166081059,0.9945427619021456
2023-05-26,-0.0011646111183195335,0.00032841831332667854,-0.0014930294316462121,0.0001169443130493164,1.0847332562964875,0.9946590680222345
2023-05-29,-0.003055712404832429,0.00026185468209529973,-0.0033175670869277285,-0.004417121410369873,1.0811345809473023,0.9902655381568549
2023-05-30,0.0033746427955397913,0.0003238994067444894,0.003050743388795302,0.0009937286376953125,1.0844328451225254,0.9912495933810441
2023-05-31,-0.0059693670380352145,0.00032789457631401383,-0.006297261614349228,-0.010216891765594482,1.0776038877935958,0.9811221035727804
2023-06-01,0.00038212989065090637,0.0003539077247057471,2.8222165945159254e-05,0.002192974090576172,1.0776343001093402,0.9832736789256071
2023-06-02,0.019464359834867377,0.0003386839977233406,0.019125675837144036,0.014437079429626465,1.0982447844042191,0.9974692791293172
2023-06-05,-0.0036685420431358568,0.0003263590332711453,-0.003994901076407002,-0.004552245140075684,1.0938574051328445,0.9929285544510259
2023-06-06,-0.006856022689856192,0.00033601164744332686,-0.007192034337299519,-0.0093880295753479,1.0859903451150197,0.9836069118156322
2023-06-07,-0.008594568196692173,0.0003345961456756731,-0.008929164342367846,-0.004942059516906738,1.076293358849263,0.9787458679161986
2023-06-08,0.004945376003647419,0.00032848597639468185,0.004616890027252737,0.008141279220581055,1.0812624869241325,0.9867141113128942
2023-06-09,0.0016550125115213452,0.0003340906415119965,0.0013209218700093487,0.004321694374084473,1.0826907501903313,0.9909783881365849
2023-06-12,-0.0001376267360873809,0.00032961785132869817,-0.00046724458741607906,0.002014756202697754,1.0821848687974593,0.9929749679908225
2023-06-13,-0.0009714448787720188,0.0003248537737263321,-0.001296298652498351,0.005327105522155762,1.0807820340102832,0.9982646504261689
2023-06-14,-0.0013380331439015178,0.00032741295224885926,-0.001665446096150377,-0.00023025274276733398,1.0789820497909512,0.9980347972524005
2023-06-15,0.012711561012349808,0.0003325112976888364,0.012379049714660972,0.015910983085632324,1.0923388222265402,1.0139145120303559
2023-06-16,0.001697505534124392,0.00033244166498928624,0.0013650638691351058,0.00964200496673584,1.0938299344856153,1.023690680791198
2023-06-19,-0.006688194913888088,0.0003312756327881948,-0.007019470546676283,-0.008184969425201416,1.0861518274774207,1.0153118038680584
2023-06-20,-0.004923139626493374,0.0003325050488703776,-0.005255644675363751,-0.0016968250274658203,1.0804433994087024,1.0135889973885737
2023-06-21,-0.005766479318084252,0.00032695609479200144,-0.0060934354128762535,-0.015343070030212402,1.073859787337137,0.998037430419788
2023-06-26,-0.012630472349359144,0.00032777110967963764,-0.012958243459038782,-0.014060437679290771,1.0599444507719507,0.9840045873277711
2023-06-27,0.012759102622369334,0.0003386533491189726,0.012420449273250362,0.009378671646118164,1.0731094370552268,0.9932332432505923
2023-06-28,0.004853818165161105,0.00033119396634759984,0.004522624198813505,-0.001204073429107666,1.077962707763228,0.9920373174934878
2023-06-29,-0.005478612070793739,0.00033518557188131276,-0.005813797642675052,-0.004936516284942627,1.0716956507139423,0.9871401091204104
2023-06-30,0.005828092323027334,0.0003378755383160983,0.005490216784711236,0.005392670631408691,1.0775794921635942,0.9924634305959495
2023-07-03,0.01719340301858774,0.0003421875659210662,0.01685121545266667,0.013124346733093262,1.095738016353418,1.0054888647790061
2023-07-04,0.0007947576040736056,0.0003305957221840027,0.0004641618818896029,0.0015747547149658203,1.0962466161731468,1.0070722631096625
2023-07-05,-0.007400457824697524,0.0003336242378893418,-0.007734082062586866,-0.007745563983917236,1.0877681548828304,0.9992719204593182
2023-07-06,-0.0051379902204850775,0.00032971976178903167,-0.0054677099822741096,-0.0067359209060668945,1.0818205540839776,0.9925409038394507
2023-07-07,-0.004563047279278123,0.0003312558797098024,-0.004894303158987925,-0.004436910152435303,1.0765257963286663,0.9881370890264981
2023-07-10,0.008239207409449929,0.00033260174142005976,0.00790660566802987,0.004869699478149414,1.0850374612916989,0.9929490196932705
2023-07-11,0.0076017435891981636,0.00033604520410951915,0.007265698385088644,0.006544709205627441,1.0929210162219667,0.9994475822831759
2023-07-12,0.002826814615920803,0.00032920484251411765,0.0024976097734066855,-0.006732165813446045,1.0956507064336443,0.9927191354373978
2023-07-13,0.01578112898453491,0.0003456211763742329,0.015435507808160678,0.014304876327514648,1.1125626314678176,1.006919859897787
2023-07-14,0.0011374776698690656,0.00033630758613082,0.0008011700837382456,0.00017440319061279297,1.1134539833644348,1.0070954699340446
2023-07-17,-0.005304795754560359,0.0003295734619958646,-0.005634369216556224,-0.008189022541046143,1.1071803725165144,0.9988483424297693
2023-07-18,0.0004136496389757038,0.0003315669419889518,8.208269698675204e-05,-0.003162562847137451,1.1072712528675412,0.9956894217720761
2023-07-19,0.0005564216281041418,0.00032692048246986367,0.00022950114563427814,-0.0010557770729064941,1.1075253728886023,0.9946381957088336
2023-07-20,-0.002628348014998565,0.0003323367605126681,-0.002960684775511233,-0.007058143615722656,1.1042463393785986,0.9876178964778374
2023-07-21,0.006185951030686777,0.00033422430035650794,0.005851726730330269,-0.00046557188034057617,1.1107080871996096,0.9871580893567162
2023-07-24,-0.002229809788154821,0.00033843335665882836,-0.0025682431448136494,-0.004366934299468994,1.1078555187687702,0.9828472348373061
2023-07-25,0.020083657649776494,0.0003306221397139807,0.019753035510062515,0.028881430625915527,1.1297390281710284,1.0112332690661325
2023-07-26,-0.0005888165287037348,0.00033332712150782064,-0.0009221436502115554,-0.0020714402198791504,1.1286972464998044,1.009138559800909
2023-07-27,-0.00024011356806381617,0.0003332591132268798,-0.0005733726812906959,-0.0011927485466003418,1.1280500823332134,1.0079349112503881
2023-07-28,0.023827608666122085,0.00033915884532310394,0.023488449820798982,0.02316296100616455,1.1545462300874452,1.0312816682964328
2023-07-31,0.0034835684709385827,0.00034351839935032344,0.0031400500715882593,0.0054825544357299805,1.1581715630598832,1.0369357261814385
2023-08-01,0.0023035210770655213,0.0003380639155701396,0.0019654571614953816,-0.004142403602600098,1.1604478996527394,1.0326403198936398
2023-08-02,-0.007769668632547999,0.00033239292052589047,-0.00810206155307389,-0.007028520107269287,1.1510458793406175,1.0253823866416905
2023-08-03,0.004354167468482501,0.0003402267179035056,0.004013940750578995,0.008836627006530762,1.1556661093014888,1.0344433083315094
2023-08-04,0.00021799164555844688,0.0003388483776826428,-0.00012085673212419593,0.0038950443267822266,1.155526439272092,1.038472510871004
2023-08-07,-0.008605254174472308,0.0003249327946859538,-0.008930186969158262,-0.0075685977935791016,1.1452073721215865,1.030612730116533
2023-08-08,-0.001559714146553862,0.00032726374523223226,-0.0018869778917860942,-0.0026114583015441895,1.1430463911288826,1.0279213279467931
2023-08-09,-0.0005422528601873302,0.00032879714545881137,-0.0008710500056461416,-0.0030555129051208496,1.142050740563436,1.0247805010638027
2023-08-10,0.0032972932434655604,0.0003307310805048239,0.0029665621629607363,0.0020542144775390625,1.1454387050785726,1.0268856200053877
2023-08-11,-0.020580597042675675,0.00032751339870126176,-0.020908110441376936,-0.023007214069366455,1.121489746128962,1.0032598427211696
2023-08-14,-0.005672402972541985,0.00033091978284753435,-0.006003322755389519,-0.007296144962310791,1.1147570812160899,0.9959399134738108
2023-08-15,0.00048213127751748524,0.0003327740590993695,0.00014935721841811576,-0.0024300217628479004,1.1149235782329523,0.9935197578095806
2023-08-16,-0.004453021403741475,0.0003298933483088438,-0.004782914752050319,-0.007333874702453613,1.1095909938032131,0.9862334083913931
2023-08-17,0.0027170254935557697,0.00033387356417615435,0.0023831519293796154,0.003344416618347168,1.1122353177209174,0.9895317837919864
2023-08-18,-0.012485881731689826,0.00032884311944997785,-0.012814724851139804,-0.012294113636016846,1.097982328154604,0.9773663675955973
2023-08-21,-0.010519841563381795,0.00032401766460582004,-0.010843859227987614,-0.014386951923370361,1.0860759623532774,0.9633050446534803
2023-08-22,0.011808092426919327,0.0003339325787146499,0.011474159848204678,0.007687211036682129,1.0985377715526117,0.9707101738244321
2023-08-23,-0.013846750529422979,0.0003186621108642473,-0.014165412640287227,-0.016390740871429443,1.0829765307176273,0.9547995149040156
2023-08-24,-0.004881392454429357,0.00033571255325815923,-0.005217105007687516,0.0072498321533203125,1.0773265284360125,0.9617216511271414
2023-08-25,-0.000870706949046859,0.00032147432517757517,-0.001192181274224434,-0.0038352012634277344,1.076042159922586,0.9580332550356727
2023-08-28,0.014509233481029806,0.00033614023607048495,0.014173093244959321,0.011719703674316406,1.0912930057906762,0.9692611208948316
2023-08-29,0.006743847199537013,0.00033945418580069616,0.006404393013736316,0.009990334510803223,1.0982820750929012,0.9789443637208871
2023-08-30,0.0002721798536799994,0.00034009874113205253,-6.791888745205312e-05,-0.0004221796989440918,1.0982074809962523,0.9785310732841284
2023-08-31,-0.002894777433881346,0.00033849823511025457,-0.0032332756689916007,-0.006134331226348877,1.0946566734684426,0.9725284395653289
2023-09-01,0.011581811110608466,0.0003302864762858162,0.01125152463432265,0.006963610649108887,1.1069732299960984,0.9793007489636473
2023-09-04,0.024047839930748532,0.00034757723252254615,0.023700262698225987,0.01515495777130127,1.1332087863469096,0.994142010459595
2023-09-05,-0.004149864179653716,0.00033974790586588637,-0.004489612085519602,-0.0074384212493896484,1.1281211184843096,0.9867471634040814
2023-09-06,-0.0026038104895091184,0.0003322103683370685,-0.002936020857846187,-0.0021699070930480957,1.124808931350263,0.9846060137351658
2023-09-07,-0.014904963480769605,0.00033353670460338145,-0.015238500185372986,-0.01405024528503418,1.1076685302413727,0.970772057733067
2023-09-08,-0.00421020829902879,0.00033409047959314975,-0.004544298778621939,-0.0049169063568115234,1.1026349534922788,0.9659988624313842
2023-09-11,0.0081770917181998,0.0003246893217761657,0.007852402396423633,0.007366299629211426,1.1112932868434622,0.9731146994935311
2023-09-12,0.0019414191494150127,0.0003377328786357329,0.0016036862707792799,-0.0018420219421386719,1.1130754526303823,0.9713222008648463
2023-09-13,-0.005915113413559913,0.00032317962959975784,-0.006238293043159671,-0.0063686370849609375,1.1061317617777264,0.9651362022749725
2023-09-14,-0.0016991598062855878,0.0003338519964952569,-0.0020330118027808448,-0.0008403658866882324,1.1038829828506016,0.9643251347345728
2023-09-15,-0.0034535824627624093,0.0003334614896122578,-0.0037870439523746673,-0.006623804569244385,1.099702529476268,0.9579376335008808
2023-09-18,0.002903201874613145,0.00033381917422973503,0.00256938270038341,0.005104184150695801,1.1025280861310722,0.9628271235871511
2023-09-19,-0.0002299812652854963,0.00033106634622863477,-0.0005610476115141311,-0.0019341707229614258,1.101909515381721,0.9609648515534356
2023-09-20,-0.003907819908325069,0.00033043867309718813,-0.004238258581422257,-0.0039806365966796875,1.0972393379222036,0.9571395996972191
2023-09-21,-0.008504177147727188,0.0003282621096819143,-0.008832439257409102,-0.008972704410552979,1.087548038119166,0.9485514689895009
2023-09-22,0.013339963463233793,0.0003367372988428482,0.013003226164390945,0.018105149269104004,1.1016896712234692,0.9657251349249837
2023-09-25,-0.0013187533131192102,0.00033164126733123704,-0.0016503945804504472,-0.006507158279418945,1.0998714485607437,0.9594410086176136
2023-09-26,-0.006020886833055665,0.00033487809741216513,-0.00635576493046783,-0.005844533443450928,1.0928809241799584,0.9538335235557297
2023-09-27,0.0033763354954666966,0.00033471496916553315,0.0030416205263011633,0.0020606517791748047,1.096205053231747,0.9557990423030814
2023-09-28,-0.0030934463028045463,0.0003292392757559294,-0.0034226855785604755,-0.0029671788215637207,1.0924530880049057,0.9529630156270888
2023-10-09,0.0008082346770282239,0.00031770193669767514,0.0004905327403305487,-0.0012982487678527832,1.0929889720118473,0.9517258325662417
2023-10-10,-0.011421855245719042,0.00032071201889803235,-0.011742567264617074,-0.007490396499633789,1.0801544754885135,0.9445970287213764
2023-10-11,0.0011314853666772092,0.00033008737048560526,0.000801397996191604,0.0028492212295532227,1.0810201091207474,0.9472883946289823
2023-10-12,0.012310464797224585,0.00033897365432467225,0.011971491142899913,0.009496808052062988,1.093961531782383,0.9562846106827206
2023-10-13,-0.0037047859032659173,0.0003310435999859316,-0.0040358295032518485,-0.010525703430175781,1.089546489556993,0.9462190424758332
2023-10-16,-0.007892167179919559,0.0003372789667777777,-0.008229446146697336,-0.0100480318069458,1.0805801253968608,0.9367114034406983
2023-10-17,-0.0007439209335342783,0.0003303905337756701,-0.0010743114673099484,0.0035295486450195312,1.0794192457767997,0.9400175719054867
2023-10-18,-0.010580941674724346,0.0003215780452011992,-0.010902519719925546,-0.007918894290924072,1.067650856163651,0.9325736721219561
2023-10-19,-0.02092307041489799,0.000328440840421454,-0.021251511255319443,-0.02133733034133911,1.0449616619771378,0.9126750396122543
2023-10-20,-0.0044945015498186825,0.00032774610486140115,-0.004822247654680084,-0.0064948201179504395,1.039922598053438,0.9067473794038294
2023-10-23,-0.008563566565506102,0.00033438727986243803,-0.00889795384536854,-0.010354399681091309,1.0306694147732027,0.8973585546277001
2023-10-24,0.0025903315833294078,0.0003361781158629277,0.00225415346746648,0.003710150718688965,1.0329927018083254,0.9006878901140737
2023-10-25,0.013466950218761964,0.0003403846393476964,0.013126565579414266,0.0049697160720825195,1.0465523482516685,0.9051640531975037
2023-10-26,0.006927438930482646,0.00034312001629005343,0.006584318914192593,0.0027621984481811523,1.0534431826729547,0.9076642959405952
2023-10-27,0.01315875055759637,0.0003374658382617664,0.012821284719334605,0.013730287551879883,1.0669496776536465,0.9201267877244341
2023-10-30,-0.004287891475540966,0.00032851929216711373,-0.00461641076770808,0.006001591682434082,1.0620241996731234,0.9256490130004259
2023-10-31,-0.0006221195689767279,0.00033044141505108216,-0.0009525609840278101,-0.003141939640045166,1.0610125568564215,0.9227406796737112
2023-11-01,-0.001144677872699952,0.0003404472613511639,-0.001485125134051116,-0.00041431188583374023,1.0594368204406903,0.9223583772425801
2023-11-02,-0.00219819120126898,0.0003323588190473454,-0.0025305500203163253,-0.004715681076049805,1.0567558625732003,0.9180088292976812
2023-11-03,0.004755699132421859,0.0003282022808729436,0.004427496851548915,0.008426666259765625,1.0614346458275992,0.925744583325691
2023-11-06,0.011082707938725785,0.0003356444586672451,0.010747063480058541,0.013523459434509277,1.072841951346242,0.9382638526450127
2023-11-07,-0.003048362877626073,0.00033180456254037723,-0.0033801674401664505,-0.003537416458129883,1.0692155659138567,0.9349448226505979
2023-11-08,-0.003920966197654224,0.0003287476572489968,-0.004249713854903221,-0.0024007558822631836,1.0646717057095143,0.9327002483680279
2023-11-09,-0.00010224920291227067,0.00033043858322623587,-0.0004326877861385066,0.00048744678497314453,1.0642110352662066,0.9331548901054385
2023-11-10,-0.006318235808373978,0.0003281734091463474,-0.006646409217520325,-0.0072907209396362305,1.0571378532320264,0.9263515182082228
2023-11-13,0.005619664602884206,0.0003414297902175537,0.005278234812666652,-0.0019741058349609375,1.0627176750507434,0.924522802270903
2023-11-14,0.0008167010393179806,0.00033605154998494634,0.00048064948933303426,0.0007404088973999023,1.0632284697585617,0.9252073271795535
2023-11-15,0.0058762325234482885,0.00032982397739590323,0.005546408546052386,0.007032275199890137,1.0691255692296366,0.9317136397212349
2023-11-16,-0.006578123951333605,0.00032942346041097526,-0.00690754741174458,-0.009672105312347412,1.0617405336710746,0.9227020072769005
2023-11-17,-0.0006341496639526619,0.0003338951702476791,-0.000968044834200341,-0.0012009143829345703,1.0607127212321932,0.9215939211651991
2023-11-20,0.003853086886486932,0.0003337287961504249,0.003519358090336507,0.002312183380126953,1.0644457491291845,0.9237248153129434
2023-11-21,0.003885052161968484,0.0003265308587789497,0.0035585213031895345,0.0013282299041748047,1.06823360200355,0.9249517342358704
2023-11-22,-0.008625136231096953,0.0003336409365133417,-0.008958777167610295,-0.010234355926513672,1.0586635352002467,0.9154854489728544
2023-11-23,0.005506490020004746,0.0003353720954891924,0.005171117924515554,0.004824399948120117,1.0641380091831516,0.9199021169253838
2023-11-24,-0.004779740697992402,0.0003292821921723916,-0.005109022890164794,-0.006601095199584961,1.0587013037359405,0.9138297554772596
2023-11-27,-0.01010929733511928,0.0003304909410545827,-0.010439788276173862,-0.007368505001068115,1.047648686277228,0.9070961963539006
2023-11-28,0.0005615603602545949,0.0003320574096915821,0.00022950295056301282,0.001873612403869629,1.0478891247418822,0.9087957430388922
2023-11-29,-0.00902784332084223,0.00033237290248385896,-0.00936021622332609,-0.008585989475250244,1.0380806559562263,0.9009928323540081
2023-11-30,0.0022208038877007978,0.0003242747157232126,0.001896529171977585,0.0022618770599365234,1.0400494062031131,0.9030307673726768
2023-12-01,-0.002983063523888417,0.0003293254329526773,-0.003312388956841094,-0.0038098692893981934,1.036604358035437,0.899590338184682
2023-12-04,-0.0037427506272127748,0.0003383658441734837,-0.004081116471386258,-0.006529092788696289,1.032373854915548,0.8937168293948595
2023-12-05,-0.016631739336507426,0.00031787841277924986,-0.016949617749286675,-0.019039630889892578,1.0148755127003717,0.8767007908430963
2023-12-06,-0.0036727125568693716,0.0003327325754881206,-0.004005445132357492,0.0015732049942016602,1.0108104845180772,0.8780800209056712
2023-12-07,-0.001393981560279483,0.0003265922415659257,-0.0017205738018454086,-0.002447366714477539,1.0090713104797848,0.8759310370898589
2023-12-08,-0.0010296207310066443,0.00032929845925140443,-0.0013589191902580488,0.002412080764770508,1.007700064111635,0.8780438534956888
2023-12-11,0.00628212807289435,0.0003385823734135517,0.0059435456994807985,0.0058803558349609375,1.0136893754940521,0.8832070637929438
2023-12-12,-0.000484881264665114,0.0003314297829009006,-0.0008163110475660146,0.0021494626998901367,1.0128618896580361,0.8851054844328462
2023-12-13,-0.014987753268203124,0.00032646758963679045,-0.015314220857839915,-0.016689062118530273,0.9973506989813239,0.8703339040216946
2023-12-14,-0.0040970136778334994,0.00033265285505581073,-0.0044296665328893104,-0.005237996578216553,0.9929327679684925,0.8657750980105231
2023-12-15,-0.0035079442842557654,0.00033050833991988193,-0.0038384526241756474,-0.003105640411376953,0.989121442579654,0.8630863118789778
2023-12-18,-0.004737704872744119,0.0003259731959686169,-0.005063678068712735,-0.003645002841949463,0.9841128500235699,0.8599403598193313
2023-12-19,-0.0029800236598592662,0.000331568607552536,-0.0033115922674118023,0.0014026165008544922,0.9808538695191712,0.8611465263577646
2023-12-20,-0.008180552599691839,0.0003266504574395853,-0.008507203057131424,-0.0109596848487854,0.9725095464817985,0.8517086318202572
2023-12-21,0.006393722923157301,0.00034425544412795047,0.00604946747902935,0.010119795799255371,0.9783927113562859,0.8603277492547414
2023-12-22,0.0006091128168427825,0.0003253978570538235,0.00028371495978895904,0.0019093751907348633,0.9786702960050462,0.8619704377150692
2023-12-25,0.0029671257365875277,0.0003316137234397868,0.0026355120131477407,0.0030623674392700195,0.9812495933270784,0.8646101079171412
2023-12-26,-0.004935531475720805,0.00032999199794904357,-0.005265523473669848,-0.006769299507141113,0.9760828005598857,0.8587573031397485
2023-12-27,0.004516455642879655,0.00033353266481256485,0.00418292297806709,0.0034799575805664062,0.9801656797348437,0.8617457421266764
2023-12-28,0.02238358619451001,0.0003421528275670012,0.022041433366943006,0.02343273162841797,1.0017699362532837,0.8819387988338627
2023-12-29,0.0034328168383522734,0.0003270710589372385,0.003105745779415035,0.004852771759033203,1.0048811790047472,0.8862186465300393
2024-01-02,-0.01211336042503618,0.0003245473588772629,-0.012437907783913443,-0.01304537057876587,0.9923825595664959,0.8746575958722427
2024-01-03,0.0022639494705364023,0.0003353150866981873,0.001928634383838215,-0.002377152442932129,0.9942965026927972,0.8725784014314858
2024-01-04,-0.0054334632724137005,0.0003279531158265075,-0.005761416388240208,-0.009250283241271973,0.988567946527413,0.8645068040680283
2024-01-05,9.418157990046917e-05,0.00033508033272350974,-0.00024089875282304058,-0.0053598880767822266,0.9883298017420137,0.8598731443566069
2024-01-08,-0.0137931336007258,0.0003410849575261973,-0.014134218558251997,-0.012931406497955322,0.9743605323165582,0.8487537751902566
2024-01-09,0.0027546644044079923,0.00032859666461030956,0.002426067739797683,0.0019598007202148438,0.9767243969709434,0.8504171634501596
2024-01-10,-0.005956375525941114,0.0003379934150114665,-0.0062943689409525804,-0.004668176174163818,0.9705765332627788,0.8464472663096416
2024-01-11,0.002099319910096474,0.0003250056303966846,0.0017743142796997893,0.0056574344635009766,0.9722986410652884,0.8512359862455979
2024-01-12,-0.004678804301684687,0.0003267534814318289,-0.005005557783116516,-0.0034894347190856934,0.9674317440349904,0.8482656538410573
2024-01-15,-0.00012989409008031677,0.000335503757870934,-0.00046539784795125076,-0.0009895563125610352,0.9669815033832768,0.8474262472085702
2024-01-16,0.002946271249321924,0.00034375874067517413,0.00260251250864675,0.0060836076736450195,0.9694980848414619,0.8525816560289364
2024-01-17,-0.02149248565739845,0.0003234654400811846,-0.021815951097479636,-0.021751761436462402,0.9483475620334605,0.8340365032418909
2024-01-18,0.0024564805960114702,0.00032877518748775867,0.0021277054085237115,0.0141371488571167,0.9503653662703595,0.8458274014404906
2024-01-19,-0.002342711307549246,0.0003261019876148576,-0.0026688132951641036,-0.0015116333961486816,0.9478290185455936,0.8445488204930955
2024-01-22,-0.02003267444927699,0.0003105147823795604,-0.020343189231656553,-0.015560686588287354,0.9285471534620653,0.8314070609888947
2024-01-23,0.0030554890149239607,0.0003461183716675879,0.0027093706432563727,0.004047989845275879,0.9310629318605347,0.8347725883290684
2024-01-24,0.019709671791372285,0.0003376180051859842,0.0193720537861863,0.013979315757751465,0.9490995330548613,0.846442137927236
2024-01-25,0.025643411862509322,0.00035200389213215573,0.025291407970377166,0.020081758499145508,0.9731035965498462,0.8634401845245911
2024-01-26,0.005476019068088561,0.0003330738472290336,0.005142945220859528,-0.0027222037315368652,0.9781082150411236,0.8610897244323195
2024-01-29,0.001055704919412475,0.0003407665662013729,0.0007149383532111021,-0.008956670761108398,0.9788075021176472,0.8533772272748056
2024-01-30,-0.02351215056679176,0.00026794359918317,-0.02378009416597493,-0.017833173274993896,0.9555313675469269,0.8381588033118801
2024-01-31,-0.021856967930425762,0.0003130275930432312,-0.022169995523468992,-0.009149372577667236,0.9343472414058773,0.830490176141128
2024-02-01,0.0036967781947495897,0.00035566991113047144,0.0033411082836191184,0.0007339715957641602,0.9374689967139153,0.8310997323409768
2024-02-02,-0.017221514670647944,0.0003310646433696607,-0.017552579314017606,-0.011834502220153809,0.9210139977946618,0.8212640807134183
2024-02-05,0.0009751790515136636,0.00034370146229818906,0.0006314775892154746,0.006538510322570801,0.921595597493623,0.8266339243827195
2024-02-06,0.049717003859824443,0.00027506760086023406,0.04944193625896421,0.0347672700881958,0.9671610682814447,0.8553737292957988
2024-02-07,0.01287567248358187,0.00033995219587227687,0.012535720287709592,0.009644627571105957,0.9792851289065834,0.8636234903489648
2024-02-08,0.009336935429479463,0.0003327834119766251,0.009004152017502839,0.0063703060150146484,0.9881027610757381,0.8691250362642428
2024-02-19,0.005200782741826759,0.0003234710636705808,0.004877311678156178,0.011554479598999023,0.9929220462115512,0.8791673237647373
2024-02-20,0.0028942487716414815,0.00034375819379702915,0.0025504905778444523,0.0020682811737060547,0.9954544845349478,0.8809856889890174
2024-02-21,0.011505669853194284,0.0003184809516769905,0.011187188901517294,0.013492226600646973,1.006590821896303,0.8928721475367843
2024-02-22,0.008520515431001102,0.0003157832631527095,0.008204732167848392,0.008620500564575195,1.0148496299925764,0.9005691523887187
2024-02-23,0.0011392928080029231,0.0003177388603202491,0.000821553947682674,0.0008804798126220703,1.015683383712401,0.9013620853472671
2024-02-26,-0.005129371366787366,0.00033034015184800497,-0.005459711518635371,-0.01042485237121582,1.01013804544306,0.8919655186745107
2024-02-27,0.010956275521422185,0.00033619142280517694,0.010620084098617007,0.011996984481811523,1.020865796436878,0.9026664151603597
2024-02-28,-0.009699749425854247,0.0003471684875091158,-0.010046917913363363,-0.012741804122924805,1.0106092415795163,0.8911648165100438
2024-02-29,0.011948435274386151,0.0003226182631912047,0.011625817011194946,0.019076824188232422,1.022358399691942,0.9081654110373443
2024-03-01,0.004702298567982736,0.00033416577528044936,0.004368132792702287,0.006177306175231934,1.0268241969435312,0.9137754268390773
2024-03-04,-0.00021891957576872795,0.0003291358284374705,-0.0005480554042061984,0.0008677244186401367,1.0262614403932266,0.9145683320900989
2024-03-05,0.0028092494983800384,0.00031961397311015626,0.0024896355252698823,0.006958723068237305,1.0288164573334444,0.9209325598400936
2024-03-06,-0.0030285382581556877,0.0003320080161426776,-0.003360546274298365,-0.004055500030517578,1.0253590720208157,0.9171977178155575
2024-03-07,-0.005520861613339346,0.00032623400513719135,-0.005847095618476537,-0.00600665807723999,1.0193636994834376,0.9116884247354146
2024-03-08,0.0001570250903319327,0.00032956230896649804,-0.00017253721863456535,0.004303455352783203,1.0191878213059518,0.9156118351669127
2024-03-11,0.01574416196788028,0.00032791241721986,0.015416249550660418,0.012510895729064941,1.0348998750981981,0.9270669593649837
2024-03-12,0.013339896709889892,0.00034001856431231127,0.01299987814557758,0.0022928714752197266,1.0483534473673481,0.9291926047517304
2024-03-13,-0.007463587375452927,0.0003342872428735191,-0.007797874618326446,-0.006985366344451904,1.0401785186290873,0.922701854002984
2024-03-14,-0.004824256821098234,0.00032335015197277407,-0.005147606973071008,-0.002838432788848877,1.0348240884333535,0.9200828268062503
2024-03-15,0.004219899494293299,0.0003258448913638531,0.003894054602929446,0.0021811723709106445,1.0388537499381396,0.9220896860470295
2024-03-18,0.006429410073212933,0.0003375849034710913,0.006091825169741842,0.009395003318786621,1.0451822653596936,0.9307527217076602
2024-03-19,-0.007639538260949166,0.0003204376490036842,-0.00795997590995285,-0.007187366485595703,1.0368626397059204,0.9240630607892816
2024-03-20,0.0008886667652495472,0.00032533323833288156,0.0005633335269166656,0.002166271209716797,1.037446739193674,0.9260648319938322
2024-03-21,-0.0031338292076158584,0.0003223894067401882,-0.0034562186143560466,-0.0011965632438659668,1.0338610964622696,0.9249567368544315
2024-03-22,-0.009178913944003957,0.0003195483995565197,-0.009498462343560476,-0.010077953338623047,1.0240410057690508,0.9156350660201674
2024-03-25,-0.003877974921598766,0.00035126684523493205,-0.004229241766833698,-0.005427420139312744,1.0197100887765018,0.9106655298225886
2024-03-26,0.0021650644282449625,0.000314755732203897,0.0018503086960410654,0.005102396011352539,1.021596867221206,0.9153121059896316
2024-03-27,-0.008596754133607573,0.0003545116690952341,-0.008951265802702807,-0.011558353900909424,1.0124522821195003,0.9047326047388168
2024-03-28,0.005997300143801851,0.00033690980920293647,0.005660390334598915,0.005187273025512695,1.0181831572314521,0.9094256997746802
2024-03-29,0.0059206972316373585,0.00034359112742735743,0.005577106104210001,0.0046918392181396484,1.0238616727328516,0.9136925789388671
2024-04-01,0.013059770919034123,0.000327676491338862,0.01273209442769526,0.016443967819213867,1.0368975762309842,0.9287173103035924
2024-04-02,-0.006377215376375046,0.0003254267534803794,-0.006702642129855425,-0.004163384437561035,1.0299476228521935,0.9248507031069809
2024-04-03,-0.004081622148235057,0.0003347345919058387,-0.004416356740140895,-0.0035970211029052734,1.0253990067260181,0.9215239956108683
2024-04-08,-0.008774428644301075,0.00032212442544574273,-0.009096553069746818,-0.008798182010650635,1.0160714102436692,0.9134162597703018
2024-04-09,0.003294719987736161,0.0003489276816337968,0.002945792306102364,-0.0008257031440734863,1.0190645455864156,0.9126620490927616
2024-04-10,-0.009899517650098786,0.0003328698847302419,-0.010232387534829027,-0.008144915103912354,1.0086370822329709,0.9052284941843384
2024-04-11,0.0010497100790063014,0.00032632990631955417,0.0007233801726867473,-0.0001341104507446289,1.0093667102996948,0.9051070935829564
2024-04-12,-0.008445434436157898,0.0003241893857426231,-0.00876962382190052,-0.008104443550109863,1.0005149439520173,0.8977717042362093
2024-04-15,0.02363470912607751,0.00033228232372587384,0.023302426802351638,0.021071195602416992,1.0238293701981183,0.9166888274224858
2024-04-16,-0.00473384473021373,0.0003432990335654054,-0.0050771437637791355,-0.010698497295379639,1.018631241296043,0.9068816344816016
2024-04-17,0.015349655677414585,0.00033961805595271845,0.015010037621461867,0.015462279319763184,1.033920934550293,0.9209040916239195
2024-04-18,0.0012902478561409184,0.0003351875509771744,0.000955060305163744,0.0012340545654296875,1.03490839139356,0.9220405375225109
2024-04-19,-0.009032513182293065,0.0003334776678752039,-0.009365990850168269,-0.007882773876190186,1.0252154488690055,0.9147723004605401
2024-04-22,0.004067258038821846,0.0003385362328771851,0.0037287218059446608,-0.0030381083488464355,1.0290381920689948,0.9119931230972175
2024-04-23,-0.0013808780418750664,0.0003344303484352637,-0.00171530839031033,-0.006989777088165283,1.0272730742241891,0.9056184944608282
2024-04-24,0.004704735257615854,0.00033996172472744495,0.0043647735328884085,0.004392266273498535,1.0317568885496118,0.9095962120307051
2024-04-25,0.000510986674273604,0.0003211650011767883,0.0001898216730968157,0.0024591684341430664,1.0319527383684255,0.9118330623231471
2024-04-26,0.0008494483041734852,0.0003374336420553149,0.0005120146621181703,0.015293359756469727,1.0324811133010832,0.9257780533830985
2024-04-29,0.0047584522623573535,0.0003394613559706151,0.0044189909063867385,0.011059403419494629,1.0370436379517767,0.9360166063523766
2024-04-30,-0.0016531170265736534,0.0003329140416103439,-0.001986031068183997,-0.005386412143707275,1.034984037067742,0.9309748351372085
2024-05-06,0.005348499890693476,0.00034507537956731185,0.005003424511126164,0.014840245246887207,1.040162501567431,0.944790730009325
2024-05-07,-0.0022538056918289945,0.00033507254883589845,-0.0025888782406648927,0.0003088712692260742,1.0374696475003675,0.945082548721256
2024-05-08,-0.0032806803325124132,0.00033085388952052385,-0.003611534222032937,-0.00786823034286499,1.0337227903640995,0.9376464215348952
2024-05-09,0.006945048091299267,0.00033342871393286707,0.0066116193773664,0.009459495544433594,1.0405573719956962,0.9465160836816586
2024-05-10,0.003746304216695857,0.00034482023059940754,0.003401483986096449,0.00046944618225097656,1.0440968112331543,0.9469604220435821
2024-05-13,0.005076670157454332,0.0003371238051055976,0.004739546352348734,-0.0004336833953857422,1.0490453564663333,0.9465497410324544
2024-05-14,0.0006853818793472527,0.0003410988961601852,0.00034428298318706747,-0.002084791660308838,1.0494065249311562,0.9445763820262825
2024-05-15,-0.009339970524168665,0.00033379162499359524,-0.00967376214916226,-0.008473992347717285,1.0392548158111932,0.9365720489931573
2024-05-16,0.0016046572549065947,0.000330662483243478,0.0012739947716631167,0.003943681716918945,1.0405788210129623,0.9402655910593489
2024-05-17,0.01194431169642872,0.0003354350570655251,0.011608876639363195,0.010331392288208008,1.0526587721796357,0.9499798437356868
2024-05-20,0.007920124802873088,0.00034742036554054264,0.007572704437332546,0.003531813621520996,1.0606302459347174,0.9533349954879629
2024-05-21,-0.008483684676441101,0.0003228005565527817,-0.008806485232993882,-0.004009842872619629,1.0512898213362267,0.9495122719510866
2024-05-22,0.006879712768286504,0.0003359054973450415,0.006543807270941462,0.002255082130432129,1.0581692593129535,0.9516535001081895
2024-05-23,-0.013047904902646323,0.0003377648266172515,-0.013385669729263574,-0.011578381061553955,1.0440049550901307,0.9406348932453753
2024-05-24,-0.0038967163722808513,0.000333793609112839,-0.004230509981393691,-0.01106870174407959,1.0395882817069975,0.9302232861619681
2024-05-27,0.007951703529732327,0.0003379569402519657,0.007613746589480361,0.009504437446594238,1.0475034434413077,0.9390645351966599
2024-05-28,-0.002116292461419161,0.0003410991394594449,-0.002457391600878606,-0.00729978084564209,1.0449293172775036,0.9322095698898095
2024-05-29,-0.00021716192457429452,0.00032963506653975515,-0.0005467969911140497,0.0012052059173583984,1.0443579530708895,0.9333330743796588
2024-05-30,-0.006255040438133631,0.00033977372442767266,-0.006594814162561304,-0.00531613826751709,1.037470606451194,0.9283713467066098
2024-05-31,-0.0017995347607697393,0.0003242880013749662,-0.0021238227621447055,-0.0040035247802734375,1.035267202762157,0.924654589014774
2024-06-03,-0.0011850166904508934,0.00033226078724926515,-0.0015172774777001585,0.002466559410095215,1.0336964151520043,0.9269353044923961
2024-06-04,0.010004220012269017,0.00033229041717214373,0.009671929595096874,0.00750124454498291,1.0436942541020584,0.9338884728887717
2024-06-05,-0.005953718966391579,0.00032491551010629054,-0.00627863447649787,-0.005774855613708496,1.0371412793753305,0.9284954017985324
2024-06-06,-0.0003236416476183963,0.0003339720933447933,-0.0006576137409631896,-0.0007065534591674805,1.0364592410186932,0.9278393701605705
2024-06-07,0.001672748972335429,0.00033358588436348474,0.0013391630879719442,-0.005049765110015869,1.0378472289764529,0.9231539992814346
2024-06-11,-0.015645645790914115,0.0003200733544555219,-0.015965719145369636,-0.00873786211013794,1.0212772516028148,0.915087606929291
2024-06-12,-0.001177136004717816,0.0003286158219254029,-0.001505751826643219,0.00034999847412109375,1.0197394615157047,0.9154078861954034
2024-06-13,-0.009614505326268077,0.0003244549098295983,-0.009938960236097676,-0.005076050758361816,1.0096043115565205,0.9107612293004708
2024-06-14,0.005580470390944582,0.0003311210125643309,0.005249349378380251,0.004367470741271973,1.0149040773217999,0.9147389523217254
2024-06-17,-0.005080934006121163,0.00033131403457231775,-0.005412248040693481,-0.0015050172805786133,1.0094111647178232,0.9133622543912628
2024-06-18,0.0021422362283910704,0.0003213980692023213,0.0018208381591887492,0.0026553869247436523,1.0112491390848526,0.9157875845791278
2024-06-19,0.0028260687082000556,0.0003306633242598167,0.002495405383940239,-0.0047495365142822266,1.01377261563103,0.9114380180068429
2024-06-20,-0.0032973152655188334,0.0003319023298364314,-0.0036292175953552648,-0.007217884063720703,1.0100934142166926,0.9048593640616021
2024-06-21,0.0014186762035508947,0.00033106585893362167,0.001087610344617273,-0.0021865367889404297,1.0111920022630245,0.9028808557732642
2024-06-24,-0.0060285006814478955,0.0003292517905469974,-0.006357752471994893,-0.005380988121032715,1.0047630938109753,0.8980224646136403
2024-06-25,0.0002945913444977763,0.0003355691107579222,-4.097776626014587e-05,-0.005438864231109619,1.0047219208637703,0.8931382423521202
2024-06-26,0.005587892988365036,0.0003393167099209309,0.005248576278444105,0.006466388702392578,1.0099952805040486,0.8989136213921408
2024-06-27,-0.0045722495345535494,0.00033534431945839675,-0.004907593854011946,-0.007510960102081299,1.0050386338728658,0.892161917046647
2024-06-28,0.0008665590357222023,0.00033435123645977346,0.0005322077992624288,0.0021828413009643555,1.005573523272373,0.894109364926324
2024-07-01,0.008323759591269742,0.0003385380049066185,0.007985221586363124,0.004772305488586426,1.013603250677083,0.8983763279559585
2024-07-02,-0.004290896185824911,0.0003333989277532973,-0.004624295113578208,-0.0018371939659118652,1.0089160501178698,0.8967258363871197
2024-07-03,-0.003054289006250029,0.0003382469766251867,-0.0033925359828752156,-0.0024137496948242188,1.0054932661141445,0.8945613646731992
2024-07-04,-0.012773415004910315,0.0003333988038735846,-0.0131068138087839,-0.005081653594970703,0.9923144530892004,0.8900155136984857
2024-07-05,0.0002797676040781548,0.00033437468902079606,-5.460708494264127e-05,-0.0042806267738342285,0.9922602656895707,0.8862056894614202
2024-07-08,-0.00956736542710924,0.00032102465786579146,-0.00988839008497503,-0.00853961706161499,0.9824484091166114,0.8786378322355952
2024-07-09,0.00877351845269641,0.00033432926022573193,0.00843918919247068,0.011185407638549805,0.9907394771129883,0.8884657545558021
2024-07-10,-0.003955784505466113,0.00033308952639654827,-0.004288874031862662,-0.0031512975692749023,0.9864903202972573,0.8856659345830864
2024-07-11,0.012477321614501186,0.000336687047905837,0.012140634566595348,0.01143193244934082,0.9984669387794698,0.8957908077199226
2024-07-12,0.004915270245629078,0.0003300552211884845,0.004585215024440594,0.0012197494506835938,1.0030451243885685,0.8968834480655664
2024-07-15,0.006020959066113518,0.00033440409560954774,0.00568655497050397,0.0011087656021118164,1.0087489956263003,0.897877881581885
2024-07-16,0.00578971966779331,0.0003308363593751747,0.005458883308418135,0.006337285041809082,1.0142556386809083,0.9035679896502051
2024-07-17,0.004086742980287129,0.0003421380732282364,0.0037446049070588927,0.000943303108215332,1.018053625322525,0.9044203281433261
2024-07-18,0.00875373342024125,0.00033877467142870383,0.008414958748812545,0.005526065826416016,1.026620504583693,0.9094182144113948
2024-07-19,0.005091951391465752,0.00034057248103828964,0.004751378910427462,0.005137920379638672,1.0314983675981841,0.9140907327888337
2024-07-22,-0.006899327913221742,0.0003324507353369867,-0.007231778648558729,-0.006809830665588379,1.0240387997273643,0.9078659296855581
2024-07-23,-0.01648236277591244,0.00032877136338033374,-0.016811134139292774,-0.021349012851715088,1.0068235461013073,0.8884838882850669
2024-07-24,-0.0017792859712788258,0.00034207453505459573,-0.0021213605063334215,-0.006311297416687012,1.0046877103937615,0.8828764022161653
2024-07-25,-0.008784797036068272,0.00033632576979063456,-0.009121122805858906,-0.005529284477233887,0.9955238304057228,0.8779947274300753
2024-07-26,0.005625412543170104,0.0003368818823358221,0.005288530660834282,0.002947688102722168,1.0007886887064148,0.8805827820423737
2024-07-29,-0.0033726189635120796,0.0003326703287630066,-0.003705289292275086,-0.005441009998321533,0.9970804770943209,0.8757915223209314
2024-07-30,-0.009052673535971055,0.00032659768207715726,-0.009379271218048211,-0.006299495697021484,0.9877285888734324,0.8702744773945827
2024-07-31,0.020886823776895807,0.00034339306008311063,0.020543430716812697,0.021576642990112305,1.008019922705969,0.8890520790967322
2024-08-01,-0.004643467222838281,0.0003189541842252397,-0.004962421407063521,-0.00662684440612793,1.0030177030627865,0.8831604692996137
2024-08-02,-0.003534351915689608,0.0003281296237881597,-0.003862481539477768,-0.010200977325439453,0.9991435657009371,0.8741513693775639
2024-08-05,-0.009254472062733275,0.00033411091843248256,-0.009588582981165758,-0.012135088443756104,0.9895631947111159,0.8635434651969366
2024-08-06,-0.0015529665309745447,0.0003271288698840018,-0.0018800954008585465,-0.0001016855239868164,0.9877027214998806,0.8634556553271926
2024-08-07,0.0017546584052737962,0.0003324379631841872,0.001422220442089609,-0.0004457235336303711,0.9891074525011051,0.863070792821367
2024-08-08,-0.0006387955142890037,0.0003345533613771055,-0.0009733488756661092,0.00043392181396484375,0.9881447058743001,0.8634452980653682
2024-08-09,-0.0038857461138855627,0.00032443196121805017,-0.004210178075103613,-0.0033832192420959473,0.9839844406985985,0.8605240733184562
2024-08-12,-0.004662660036346174,0.0003286508704823726,-0.004991310906828547,-0.00173187255859375,0.9790730684275899,0.8590337552898666
2024-08-13,0.0013637011696752141,0.00032775525992431633,0.0010359459097508978,0.0025647878646850586,0.9800873351681747,0.8612369946407888
2024-08-14,-0.0077451215128726434,0.000333401647976816,-0.00807852316084946,-0.007542610168457031,0.9721696769313634,0.8547410197275599
2024-08-15,0.007633566809823627,0.0003357895534275604,0.007297777256396067,0.009884476661682129,0.979264354689031,0.8631896873888394
2024-08-16,-0.0012622129572201206,0.00033347021618333105,-0.0015956831734034516,0.0011011362075805664,0.9777017590359399,0.8641401768076334
2024-08-19,0.0011922578183903242,0.00034036761155986054,0.0008518902068304637,0.0033894777297973633,0.9785346535896635,0.8670691606923461
2024-08-20,-0.012144979819084835,0.00033487189422369405,-0.012479851713308529,-0.0072296857833862305,0.9663226862165307,0.860800523108076
2024-08-21,-0.004281388601325326,0.0003306899403490582,-0.0046120785416743845,-0.003318607807159424,0.9618659300910983,0.8579438637716826
2024-08-22,-0.00820122513857084,0.0003371986460197744,-0.008538423784590615,-0.0025590062141418457,0.9536531111560211,0.855748380092906
2024-08-23,-0.00029294047853563267,0.0003341002366148245,-0.0006270407151504572,0.004240751266479492,0.9530551318271965,0.8593773961195728
2024-08-26,-0.0007882038396729251,0.0003395278739881634,-0.0011277317136610884,-0.00089263916015625,0.9519803413301675,0.8586102822024433
2024-08-27,-0.009104397936507897,0.00029720835392480594,-0.009401606290432704,-0.005682528018951416,0.9430301969647495,0.8537312052164682
2024-08-28,-0.003323289329603443,0.00033952429203333443,-0.0036628136216367777,-0.005696892738342285,0.9395760531136922,0.8488675901129743
2024-08-29,-0.006614797350198597,0.00032935269600665795,-0.006944150046205255,-0.0026837587356567383,0.9330514960210493,0.8465894343025927
2024-08-30,0.007860651386419728,0.00033124134812107274,0.0075294100382986544,0.013347864151000977,0.9400768233214397,0.8578895950633365
2024-09-02,-0.016632343505953613,0.0003226810137404197,-0.016955024519694033,-0.0169866681098938,0.9241377977316286,0.8433169092370644
2024-09-03,0.0012633506807943826,0.0003273248679477774,0.0009360258128466052,0.0025788545608520508,0.9250028145649326,0.845491700894694
2024-09-04,-0.004857837076288346,0.00032534991922440623,-0.005183186995512752,-0.006497740745544434,0.920208352005667,0.839997915019771
2024-09-05,0.00577600654131828,0.0003289657306121712,0.005447040810706109,0.0017219781875610352,0.9252207644533945,0.8414443731070318
2024-09-06,-0.0044195528347042365,0.00033248721568356375,-0.004752040050387801,-0.008106827735900879,0.9208240783252616,0.8346229285249099
2024-09-09,-0.010995029107158993,0.0003329263679076665,-0.01132795547506666,-0.011883556842803955,0.9103930241656237,0.8247046395114767
2024-09-10,-0.0032643382741407356,0.00032887596576617885,-0.0035932142399069146,0.0008800029754638672,0.90712178698728,0.8254303820481256
2024-09-11,-0.008964069058572829,0.00032446373776357,-0.009288532796336398,-0.003013312816619873,0.8986959565185774,0.8229431020986725
2024-09-12,-0.008742786111547565,0.00032270150267364473,-0.00906548761422121,-0.004287362098693848,0.8905488394558075,0.8194148470333531
2024-09-13,-0.007397434529563702,0.00032500691403094097,-0.007722441443594644,-0.004167020320892334,0.8836716281904489,0.8160003287145242
2024-09-18,0.0055935558567713,0.00032934591493912954,0.00526420994183217,0.0037223100662231445,0.888323461160884,0.8190377349521397
2024-09-19,0.015031835948285237,0.0003500491082096659,0.01468178684007557,0.00789344310760498,0.9013656368626862,0.8255027627159661
2024-09-20,0.000893561080490173,0.000328930222838624,0.000564630857651549,0.0015676021575927734,0.9018745757152855,0.8267968226278984
2024-09-23,0.004713475156260006,0.00033445425422735974,0.004379020902032646,0.0036581754684448242,0.9058239033333546,0.8298213904818239
2024-09-24,0.03782012007260312,0.0003472788683473818,0.03747284120425574,0.0433117151260376,0.9397676986219845,0.8657623781518651
2024-09-25,0.01044250810027309,0.00033251109043151505,0.010109997009841575,0.014803528785705566,0.9492687472449984,0.8785787164384171
2024-09-26,0.04393532762124639,0.0003525339865761081,0.04358279363467028,0.042272090911865234,0.9906405311600192,0.9157180758129317
2024-09-27,0.05294576444063007,0.00034705373406726514,0.05259871070656281,0.04466736316680908,1.0427469458727008,0.9566207876636795
2024-09-30,0.10757195963475241,4.063689716084719e-06,0.10756789594503632,0.08482646942138672,1.15491304084334,1.0377675516562954
2024-10-08,0.08831950875579522,2.3097504945609883e-06,0.08831719900530066,0.059297919273376465,1.2569117257053182,1.09930500815894
2024-10-09,-0.06346250840266159,8.181049883209898e-05,-0.06354431890149369,-0.07051527500152588,1.1770421261760726,1.0217872131980577
2024-10-10,-0.005356517966162282,0.00022644150601222571,-0.005582959472174508,0.010568737983703613,1.1704707476885896,1.0325862145294467
2024-10-11,-0.026433245491135196,0.0003419568445763344,-0.02677520233571153,-0.02767026424407959,1.1391311565911961,1.004014281118623
2024-10-14,0.007721793288187332,0.0002786360364409957,0.007443157251746336,0.019080638885498047,1.147609888920068,1.0231715150525305
2024-10-15,-0.02329678600683912,0.00028121193239227766,-0.023577997939231397,-0.02659451961517334,1.120551545324069,0.9959607601257793
2024-10-16,-0.008159684859877689,0.00028308438918149363,-0.008442769249059182,-0.006327807903289795,1.1110909871952213,0.9896585117564889
2024-10-17,-0.01503158418749611,0.00024208577456858073,-0.01527366996206469,-0.01131904125213623,1.0941205501589768,0.9784565262363895
2024-10-18,0.0326805434643784,0.00028989658953038555,0.032390646874848016,0.03616738319396973,1.1295598225376906,1.0138447383594213
2024-10-21,0.003383806627985473,0.0003049101064725007,0.0030788965215129724,0.002539992332458496,1.1330376203461427,1.0164198962211577
2024-10-22,0.009736057745592818,0.00039319157580962875,0.00934286616978319,0.005738019943237305,1.1436234391983664,1.022252133856378
2024-10-23,0.013219393989281287,0.0003138480938508741,0.012905545895430413,0.00389862060546875,1.1583825239800307,1.0262375070894147
2024-10-24,-0.013325232778648133,0.0003363750697836513,-0.013661607848431784,-0.011169731616973877,1.142557156198939,1.0147747095599537
2024-10-25,0.008298395355391458,0.0003473412494433046,0.007951054105948154,0.007022500038146973,1.151641689967015,1.0219009649965491
2024-10-28,0.007519828627341817,0.0003279993796580772,0.007191829247683739,0.001956343650817871,1.1599241003557719,1.0239001544611848
2024-10-29,-0.016736952813913675,0.000342783971364523,-0.017079736785278198,-0.009966790676116943,1.1401129020307947,1.0136951559484264
2024-10-30,-0.007208719291104913,0.0003127007127518908,-0.007521420003856804,-0.008968949317932129,1.1315376340428052,1.0046033754708916
2024-10-31,-0.009445088847657853,0.0003034442981926305,-0.009748533145850483,0.0004087686538696289,1.1205068019115616,1.0050140258403557
2024-11-01,0.004563151055463607,0.000317935305456246,0.004245215750007361,-0.00026214122772216797,1.1252635950350272,1.004750570229744
2024-11-04,0.010221678682229195,0.0003285962462014503,0.009893082436027744,0.014071941375732422,1.1363959205429697,1.0188893613512506
2024-11-05,0.0174498897675993,0.0003908533011885521,0.017059036466410746,0.02530193328857422,1.1557817399917925,1.044669232000598
2024-11-06,-0.0034275238120632244,0.00032075904211487127,-0.003748282854178096,-0.0050165653228759766,1.151449543112609,1.0394285805574683
2024-11-07,0.02252405800487618,0.0003600936521643826,0.022163964352711795,0.030171871185302734,1.1769702297401032,1.0707900857963704
2024-11-08,-0.0068764010692540165,0.00030602245972741573,-0.007182423528981432,-0.010046541690826416,1.1685167310691071,1.0600323485572936
2024-11-11,-0.0035935382891286705,0.00034847579929086966,-0.0039420140884195405,0.006598353385925293,1.1639104216526788,1.067026816593587
2024-11-12,-0.00671600974360764,0.0003075960127752035,-0.007023605756382844,-0.01098722219467163,1.155735573715245,1.055303155872
2024-11-13,0.009102305461923355,0.00034281313688669466,0.008759492325036661,0.006155610084533691,1.1658592306029756,1.061799190620526
2024-11-14,-0.002722966253261858,0.0003314921151685011,-0.003054458368430359,-0.01733696460723877,1.1622981621196486,1.0433908156327432
2024-11-15,-0.0040923801330398895,0.0003278688467002458,-0.004420248979740135,-0.01752394437789917,1.1571605148543855,1.025106493015184
2024-11-18,0.007305555513634946,0.000345426828130881,0.006960128685504065,-0.004648745059967041,1.1652145009475563,1.0203410342698396
2024-11-19,0.007693310799266042,0.00033751734950640636,0.007355793449759636,0.00671076774597168,1.1737855781411912,1.027188305972509
2024-11-20,0.0014406559570635242,0.00033879885193233546,0.0011018571051311888,0.0022329092025756836,1.1750789221203666,1.0294819241936932
2024-11-21,-0.0016750203595465674,0.00034138168159273324,-0.0020164020411393008,0.0008857250213623047,1.1727094905833033,1.0303937620929917
2024-11-22,-0.031783683121897624,0.0003274012188278878,-0.03211108434072551,-0.030982911586761475,1.1350525172240136,0.998469163262514
2024-11-25,-0.004502248415775741,0.00032579362062938594,-0.004828042036405127,-0.004555463790893555,1.1295724359573287,0.9939206731429479
2024-11-26,-0.0006881686361401892,0.0003315218468677469,-0.0010196904830079361,-0.0020555853843688965,1.128420621694515,0.9918775843340131
2024-11-27,0.013387999366393928,0.00032580059030911306,0.013062198776084815,0.017410635948181152,1.1431602761581219,1.009146803860014
2024-11-28,-0.008617774107909558,0.00032826770670130786,-0.008946041814610867,-0.008827686309814453,1.1329335165268093,1.000238372434986
2024-11-29,0.00943241421128273,0.0003357351219290521,0.009096679089353677,0.011369705200195312,1.1432394491562266,1.0116107878594949
2024-12-02,0.010682466032850103,0.0003423267717212282,0.010340139261128874,0.007927894592285156,1.1550607042693182,1.0196307315540636
2024-12-03,-0.0002559405628168979,0.0003194558252578711,-0.0005753963880747691,0.0010790824890136719,1.1543960865120744,1.0207309972217438
2024-12-04,-0.0005009088438348609,0.000344191849745445,-0.0008451006935803059,-0.005397379398345947,1.1534205055786966,1.015221724766086
2024-12-05,-0.002700705426570144,0.00033069495406614084,-0.0030314003806362847,-0.002282083034515381,1.1499240262190515,1.0129049044917258
2024-12-06,0.01274940626089798,0.0003350746117400566,0.012414331649157923,0.013145089149475098,1.1641995644518697,1.02621962976121
2024-12-09,-0.0043124498300232145,0.00033597166399182275,-0.004648421494015037,-0.0016535520553588867,1.1587878741731488,1.0245227221831688
2024-12-10,0.006394731839266772,0.00032402420165502467,0.006070707637611748,0.007328629493713379,1.1658225365712636,1.03203106962194
2024-12-11,0.004013347769644824,0.00033383388797081733,0.0036795138816740065,-0.0017042756080627441,1.170112196778146,1.0302722042432204
2024-12-12,0.014123850790662083,0.00033707007501589933,0.013786780715646183,0.009945154190063477,1.1862442770478294,1.0405184201721558
2024-12-13,-0.02142169355509172,0.0003247861748789566,-0.021746479729970677,-0.023661434650421143,1.160447639922215,1.0158982615706929
2024-12-16,-0.004162566658803456,0.00033094170106147164,-0.004493508359864927,-0.005425572395324707,1.155233158751039,1.0103864320062566
2024-12-17,0.001553818028104957,0.00033670967426763275,0.0012171083538373242,0.002604842185974121,1.1566392026791845,1.0130183292084822
2024-12-18,0.007711167870557522,0.00033701648871500427,0.0073741513818425175,0.005063652992248535,1.1651684352539147,1.0181479025023814
2024-12-19,-0.004163302677491166,0.00033022475142458017,-0.0044935274289157464,0.0009056329727172852,1.1599327189307944,1.0190699708139905
2024-12-20,-0.008811474236138997,0.00031744529170209127,-0.009128919527841088,-0.004491209983825684,1.1493437864819653,1.0144931135868538
2024-12-23,0.004198949347904533,0.00033047444152814367,0.003868474906376389,0.0014843940734863281,1.1537899940787706,1.0159990211522547
2024-12-24,0.012088481415009827,0.00033704704495994016,0.011751434370049886,0.012741565704345703,1.1673486814710077,1.0289444394358171
2024-12-25,-0.0001629778469329089,0.00033174199416670494,-0.0004947198410996138,0.0004868507385253906,1.1667711709168025,1.029445381796058
2024-12-26,-0.00590371652631834,0.0003358289805748053,-0.0062395455068931455,0.0004642009735107422,1.159491049099736,1.0299232513444638
2024-12-27,0.003090821204088033,0.0003332143719933223,0.002757606832094711,-0.0016176104545593262,1.1626884695384863,1.0282572367256952
2024-12-30,0.007118676958837625,0.0003331080587697116,0.006785568900067913,0.004526495933532715,1.1705779722578542,1.0329116389263597
2024-12-31,-0.022010591530941013,0.00032233214267490975,-0.02233292367361592,-0.016038835048675537,1.1444355437494034,1.0163449395297628
2025-01-02,-0.030455913761691145,0.00031957748743847346,-0.03077549124912962,-0.029101014137268066,1.1092149776875508,0.9867682710761663
2025-01-03,-0.008420706719614549,0.0003304102322158778,-0.008751116951830427,-0.01184171438217163,1.099508107693085,0.975083243048693
2025-01-06,0.0032171791101840686,0.00033887300074430507,0.0028783061094397634,-0.001639723777770996,1.1026728285968366,0.97348437586976
2025-01-07,0.008651971861743173,0.0003377611794662864,0.008314210682276887,0.007200956344604492,1.1118406828074128,0.9804943943625527
2025-01-08,0.0010740821670456044,0.00033758032809003564,0.0007365018389555687,-0.00181502103805542,1.1126595555149261,0.9787147764090892
2025-01-09,-0.0037460374972994584,0.0003444594632360634,-0.004090496960535522,-0.002464890480041504,1.1081082249849814,0.9763023516740426
2025-01-10,-0.012703712023817747,0.00032332159381128037,-0.013027033617629028,-0.012540042400360107,1.0936728618861309,0.9640594787884788
2025-01-13,-0.005064688112402465,0.00034037901805363235,-0.005405067130456098,-0.0026711225509643555,1.0877614866488783,0.9614843577742159
2025-01-14,0.018671708106255153,0.00033617916235284583,0.018335528943902307,0.026334285736083984,1.107706168871391,0.9868043615826173
2025-01-15,-0.0004120949120217769,0.00032368545746455884,-0.0007357803694863357,-0.006415307521820068,1.1068911404171764,0.9804737081391915
2025-01-16,0.0006779632162662294,0.0003313948584505278,0.0003465683578157016,0.0011458396911621094,1.1072747538619916,0.9815971738301184
2025-01-17,-0.001530007171152017,0.000330088675747804,-0.0018600958468998209,0.003147125244140625,1.1052151166909558,0.9846863830754562
2025-01-20,0.0015014815963638266,0.00032558650045335524,0.0011758950959104713,0.004548430442810059,1.1065147337265988,0.9891651605968571
2025-01-21,-0.0017966011029833778,0.00032896023782892604,-0.002125561340812304,0.0007650852203369141,1.1041627687855504,0.989921956241702
2025-01-22,-0.009219907792121474,0.0003304384424577417,-0.009550346234579215,-0.009286105632781982,1.0936176320443167,0.9807294363878314
2025-01-23,0.012815908106402164,0.0003336504066367154,0.012482257699765449,0.0017697811126708984,1.107268449152501,0.9824651128209909
2025-01-24,0.0016502241358952719,0.00033095646013744896,0.0013192676757578228,0.007655620574951172,1.1087292326258544,0.989986492952875
2025-01-27,0.006933617786039082,0.0003395096904418659,0.006594108095597216,-0.004117012023925781,1.1160403130345378,0.9859107066578638
2025-02-05,-0.005348207921439076,0.0003302368440957295,-0.005678444765534805,-0.005763590335845947,1.1097029397608609,0.9802283212369636
2025-02-06,0.013151813768129796,0.0003426800570563755,0.012809133711073421,0.012582063674926758,1.123917273095829,0.9925616163907336
2025-02-07,0.009302642824147488,0.000345248160574477,0.008957394663573011,0.0129774808883667,1.133984643680155,1.0054425657979706
2025-02-10,0.0011793709619438938,0.000336661661103942,0.0008427093008399518,0.002147674560546875,1.1349402630863938,1.007601929218626
2025-02-11,-0.00349800751698087,0.00032468466767226,-0.00382269218465313,-0.004593610763549805,1.1306017358126452,1.0029733981511937
2025-02-12,0.00733330871198802,0.0003224565044820163,0.007010852207506003,0.009456157684326172,1.1385282174879776,1.0124576727572958
2025-02-13,-0.00199779616075359,0.00033414557365921106,-0.002331941734412801,-0.00375521183013916,1.135873236021811,1.0086556797270425
2025-02-14,0.005900870741126339,0.00032783518760581793,0.005573035553520521,0.00867319107055664,1.142203497950453,1.0174039431617172
2025-02-17,0.004835368170617498,0.00033568016560996946,0.004499688005007528,0.0021299123764038086,1.147343057329458,1.0195709244120594
2025-02-18,-0.010547571026462895,0.0003302449381997054,-0.0108778159646626,-0.008770287036895752,1.1348624707034949,1.0106289947504925
2025-02-19,0.0024290246038692364,0.00033564806147832484,0.002093376542390912,0.006997585296630859,1.1372381651785055,1.0177009573445073
2025-02-20,-0.004313460836803581,0.00032879994632336587,-0.0046422607831269475,-0.0028577446937561035,1.1319588090432222,1.0147926278338255
2025-02-21,0.0070229093506332645,0.00033060053254620604,0.006692308818087058,0.012609124183654785,1.1395342269626934,1.0275882740988396
2025-02-24,0.00499960606127564,0.0003404398243650291,0.004659166236910611,-0.002191901206970215,1.144843506358762,1.025335902120574
2025-02-25,-0.011872697244239148,0.00033232205172868245,-0.012205019295967831,-0.011101484298706055,1.13087066927279,1.0139531517022828
2025-02-26,0.00845131823197149,0.0003325179897152638,0.008118800242256226,0.008734822273254395,1.1400519823364423,1.0228098522758085
2025-02-27,0.006335318375946934,0.00032664653675453144,0.006008671839192402,0.0020656585693359375,1.1469021805779227,1.0249226282119632
2025-02-28,-0.012737766242861534,0.00033552734521007056,-0.013073293588071605,-0.019674301147460938,1.131908391654428,1.004757991771674
2025-03-03,0.000821447210938622,0.00033068310520952926,0.0004907641057290928,-0.0004061460494995117,1.1324638916640253,1.0043499132826128
2025-03-04,-0.0015000370594054127,0.0003260175461404271,-0.0018260546055458397,-0.0008358359336853027,1.1303959507590378,1.0035104415350975
2025-03-05,0.008033012894123835,0.000330823711993739,0.007702189182130096,0.004465699195861816,1.1391024742224976,1.0079918173068998
2025-03-06,0.0003940217103911722,0.00033121686187530524,6.280484851586696e-05,0.013752579689025879,1.1391740153808352,1.0218543051002988
2025-03-07,-0.0027873681585545537,0.00033220277749475405,-0.003119570936049308,-0.0030913949012756348,1.1356202812313505,1.0186953499116653
2025-03-10,-0.0044067939128159,0.00033698908003625204,-0.004743782992852152,-0.003856480121612549,1.1302331450549072,1.014766771544752
2025-03-11,0.0037441430806715347,0.00032786356736479156,0.003416279513306743,0.0032122135162353516,1.1340943373936185,1.0180264190841344
2025-03-12,-0.0023329408958198956,0.0003254322549173422,-0.0026583731507372377,-0.0036002397537231445,1.1310794914566882,1.0143612798998072
2025-03-13,0.0021906372224041928,0.0003363886913890531,0.0018542485310151396,-0.003985047340393066,1.133176793942183,1.0103190021791448
2025-03-14,0.011567593058634848,0.0003426065819696232,0.011224986476665224,0.024281740188598633,1.145896688129855,1.0348513056976631
2025-03-17,0.0002921613331258459,0.0003312965805843577,-3.913524745851178e-05,-0.002438485622406006,1.1458518431794031,1.0323278356673913
2025-03-18,0.0017046650623432323,0.0003316506631517357,0.0013730143991914966,0.0027347803115844727,1.1474251142594285,1.0351510255074752
2025-03-19,0.0027841868363475933,0.00033092860042431284,0.0024532582359232803,0.0006113052368164062,1.1502400443710907,1.0357838187502637
2025-03-20,-0.004835802663158747,0.00032917291489493897,-0.005164975578053686,-0.008772730827331543,1.1442990826330146,1.0266971661130622
2025-03-21,-0.007818862256662945,0.0003292633185094996,-0.008148125575172445,-0.01516735553741455,1.1349751900121663,1.0111248851653694
2025-03-24,0.0047776907457284115,0.0003318009998366265,0.004445889745891785,0.005147218704223633,1.140021164571283,1.0163293660865986
2025-03-25,0.008391920700610848,0.0003357366165053919,0.008056184084105456,-0.0006480216979980469,1.1492053849328454,1.0156707626050618
2025-03-26,-0.004203536701247224,0.0003362677412196041,-0.0045398044424668285,-0.003290712833404541,1.1439882172210205,1.0123284817920435
2025-03-27,0.005971943167252849,0.0003348046734738295,0.005637138493779019,0.0033295154571533203,1.1504370372367467,1.0156990451198866
2025-03-28,-0.004623963975238715,0.0003314339490319115,-0.0049553979242706265,-0.004384040832519531,1.1447361639304197,1.01124617903253
2025-03-31,-0.0028615404523623803,0.0003324926646171872,-0.0031940331169795673,-0.007115960121154785,1.1410798387126218,1.0040501915498643
2025-04-01,0.004693774315687136,0.0003372369633923072,0.0043565373522948285,9.512901306152344e-05,1.146050995651924,1.0041457058536507
2025-04-02,0.0045611805533572625,0.0003393290319465141,0.004221851521410748,-0.0008462667465209961,1.1508894527915314,1.003295930734125
2025-04-03,0.0014980584151365107,0.00033127249965877786,0.0011667859154777327,-0.005892813205718994,1.1522322943953205,0.9973836952242507
2025-04-07,-0.05181799848859814,0.0003090868401704368,-0.05212708532876857,-0.07045447826385498,1.092169783266813,0.9271135473483504
2025-04-08,0.025157381568042952,0.00036724200094465976,0.02479013956709829,0.017083406448364258,1.1192448246249647,0.9429518049014871
2025-04-09,0.008933649644030425,0.0003416441675045417,0.008592005476525883,0.009869217872619629,1.1288613822877156,0.9522580017074398
2025-04-10,0.01543730555142072,0.00034417007731305454,0.015093135474107665,0.013108968734741211,1.1458994400620726,0.9647411220792298
2025-04-11,0.0014230051748092547,0.00033100742115078436,0.0010919977536584704,0.00412297248840332,1.147150759676539,0.9687187231839938
2025-04-14,0.0010675047704578932,0.0003474896867353874,0.0007200150837225058,0.0022983551025390625,1.1479767255268098,0.9709451828043488
2025-04-15,0.0022843711610402106,0.0003343289241562219,0.0019500422368839887,0.0005559921264648438,1.1502153286285468,0.971485020681217
2025-04-16,0.008517925884081649,0.00033941048434881036,0.008178515399732838,0.0030814409255981445,1.1596223824067442,0.9744785943825497
2025-04-17,-0.0009005841904638969,0.00033454655596442247,-0.0012351307464283194,-0.0001590251922607422,1.1581900971479873,0.974323627736724
2025-04-18,0.0015200978149446703,0.0003400510015802699,0.0011800468133644005,7.95125961303711e-05,1.1595568156813971,0.9744010987378365
2025-04-21,0.0033269782219157704,0.0003365574358048724,0.002990420786110898,0.003276348114013672,1.1630243784856873,0.9775935759399791
2025-04-22,-0.0010695616041029334,0.0003370503263233738,-0.001406611930426307,-0.00024569034576416016,1.1613884545195325,0.9773533906362896
2025-04-23,-0.0022448242674929357,0.00032993296360829424,-0.0025747572311012297,0.000774383544921875,1.1583981611981409,0.9781102370195719
2025-04-24,-6.544214882141666e-05,0.0003264055105738394,-0.000391847659395256,-0.0006654858589172363,1.1579442455900275,0.9774593184883732
2025-04-25,0.0011936815072068037,0.00032877118417285497,0.0008649103230339488,0.0006949901580810547,1.158945763521536,0.9781386430946473
2025-04-28,-0.002851913024530833,0.0003263566020429879,-0.0031782696265738207,-0.001417994499206543,1.155262321402489,0.9767516478792777
2025-04-29,-0.0029023591360764146,0.00033015242546408286,-0.0032325115615404977,-0.001729428768157959,1.1515279225919435,0.9750624254800896
2025-04-30,-0.002229149753443608,0.0003303496549428299,-0.0025594994083864378,-0.0011946558952331543,1.148580587555329,0.9738975614052695
2025-05-06,0.007265789879525809,0.0003269983296700011,0.006938791549855808,0.010070085525512695,1.1565503488305864,0.9837047931417088
2025-05-07,0.00817702914432966,0.0003311814754848135,0.007845847668844847,0.006062746047973633,1.1656244666888604,0.9896687454887014
2025-05-08,0.004560022644114581,0.00033753329086967676,0.004222489353244904,0.00555109977722168,1.170546303589336,0.995162495441307
2025-05-09,-0.0001653635822991155,0.00033444941699377876,-0.0004998129992928943,-0.0017493367195129395,1.1699612493305278,0.9934216211461494
2025-05-12,0.0058546242385703,0.00033607796951680424,0.005518546269053496,0.01155698299407959,1.1764177346179578,1.0049025779276863
2025-05-13,0.0027505989843880536,0.0003313991762357156,0.002419199808152338,0.0014522075653076172,1.1792637241758528,1.00636190505375
2025-05-14,0.013361626533131589,0.0003395312494942575,0.013022095283637332,0.012050032615661621,1.1946202087566078,1.018488598832807
2025-05-15,-0.006184127205279708,0.0003332252619505781,-0.006517352467230286,-0.009132087230682373,1.1868344477916648,1.0091876721048103
2025-05-16,-0.004209171430963845,0.00033438807210226266,-0.004543559503066107,-0.004635035991668701,1.1814419948578347,1.0045100509222562
2025-05-19,-0.002123266314719533,0.0003302761016997331,-0.0024535424164192662,-0.0030701160430908203,1.178543276810912,1.001426088499474
2025-05-20,0.004612819177330485,0.00033253695133842316,0.004280282225992062,0.0054215192794799805,1.1835877746512082,1.006855339345248
2025-05-21,0.003441238149317,0.00033783319017945183,0.003103404959137548,0.004671454429626465,1.1872609268206356,1.0115588181802253
2025-05-22,-0.0003824177538779873,0.00033218599292820817,-0.0007146037468061955,-0.000640869140625,1.186412505713893,1.0109105413497266
2025-05-23,-0.009384285384048962,0.00032902488261578414,-0.009713310266664747,-0.008073866367340088,1.1748885129416429,1.0027485847295334
2025-05-26,-0.005921709677503275,0.0003291330681237328,-0.0062508427456270076,-0.005708038806915283,1.167544469603601,0.9970248568943179
2025-05-27,-5.482574791209988e-05,0.00032946371210256436,-0.0003842894600146642,-0.005365133285522461,1.167095794569834,0.9916756856481009
2025-05-28,-0.0011658120204393562,0.0003331017104822985,-0.0014989137309216547,-0.0008230209350585938,1.1653464186580522,0.990859515798024
2025-05-29,0.0018081483706268605,0.00033285535423823647,0.0014752930163886239,0.0058547258377075195,1.167065646091172,0.996660726606705
2025-05-30,-0.002004360017163533,0.0003261797951483404,-0.0023305398123118735,-0.0047866106033325195,1.1643457531393748,0.9918900998048042
2025-06-03,0.004786484494775607,0.00033524220013471726,0.00445124229464089,0.003067493438720703,1.1695285382013345,0.9949327161778875
2025-06-04,-0.001549876080718316,0.00033263442064105253,-0.0018825105013593685,0.004343271255493164,1.167326888446531,0.9992539788452126
2025-06-05,-0.0006063241159231268,0.00032939629229533315,-0.0009357204082184599,0.0022797584533691406,1.1662345968539496,1.0015320365505478
2025-06-06,0.0014427037062480798,0.00033390184256387186,0.0011088018636842079,-0.0009232163429260254,1.1675277199484342,1.0006074058064403
2025-06-09,-0.0007010831855716412,0.00033352220771352715,-0.0010346053932851684,0.0029091835021972656,1.1663197894725656,1.0035183563635888
2025-06-10,-0.0034061986702856044,0.00032977074453541505,-0.0037359694148210196,-0.00509113073348999,1.1619624544111957,0.9984093132178847
2025-06-11,0.007832515404293632,0.00033466269572874805,0.007497852708564883,0.007543683052062988,1.1706746777472534,1.0059409966330284
2025-06-12,-0.0003747723305785676,0.0003353691558794309,-0.0007101414864579985,-0.0006239414215087891,1.1698433330914393,1.0053133483776353
2025-06-13,-0.001737259935161058,0.0003355811085888621,-0.00207284104374992,-0.007198989391326904,1.1674184338158502,0.9980761082477054
2025-06-16,-0.0008067656880265514,0.0003291015096984254,-0.0011358671977249768,0.0024895668029785156,1.1660924015108594,1.000560885393645
2025-06-17,0.0019111080322213795,0.00032754338077310333,0.0015835646514482762,-0.0008828639984130859,1.1679389842182144,0.9996775262097106
2025-06-18,-1.0550603534448415e-05,0.0003310477238603499,-0.0003415983273947983,0.0011858940124511719,1.1675400182147062,1.0008630378024248
2025-06-19,-0.007887635742538562,0.0003346677206131639,-0.008222303463151726,-0.008227169513702393,1.1579401498795712,0.9926287679304251
2025-06-20,0.0020532043038184915,0.00033223847447991526,0.0017209658293385762,0.0009237527847290039,1.1599329253099333,0.993545711519003
2025-06-23,0.005277669823130336,0.0003334459602709635,0.004944223862859373,0.0029271841049194336,1.165667893358567,0.9964540027332722
2025-06-24,0.010694562627248291,0.0003333669443276375,0.010361195682920654,0.011957287788391113,1.1777456065029528,1.0083688900118482
2025-06-25,0.015676335008187936,0.0003361402452532923,0.015340194762934644,0.014354348182678223,1.1958124534878987,1.022843368155659
2025-06-26,-0.002998460958913529,0.0003372515021193694,-0.0033357124610328983,-0.0035479068756103516,1.1918235669857407,1.0192144151371072
2025-06-27,-0.0030849838577384145,0.0003282111769564372,-0.0034131950346948515,-0.006147921085357666,1.1877556407046725,1.0129483653437854
2025-06-30,0.004091866396185467,0.0003383040651263186,0.003753562331059148,0.0036514997482299805,1.1922139555361246,1.016647146044808
2025-07-01,0.001347121033221595,0.0003317100854082562,0.0010154109478133387,0.0016970634460449219,1.1934245426387118,1.0183724607538867
2025-07-02,0.009392861051349484,0.00033785896859582146,0.009055002082753663,0.0002332925796508789,1.2042310043579145,1.0186100394923014
2025-07-03,-0.0002934399367441385,0.0003395798140111383,-0.0006330197507552768,0.006184577941894531,1.2034687023476842,1.024909712673938
2025-07-04,0.002053703837734349,0.00033320076579934914,0.0017205030719349998,0.0035610198974609375,1.205539273947051,1.0285594365538708
2025-07-07,0.000376163504880581,0.00033568322699782584,4.048027788275518e-05,-0.0042765140533447266,1.205588074511859,1.024160787668748
2025-07-08,0.006816085705208183,0.00033566384095057896,0.006480421864257604,0.008393168449401855,1.213400793829214,1.0327567416789238
2025-07-09,-0.00021621642208587532,0.00033051015325845856,-0.0005467265753443339,-0.0017632246017456055,1.2127373953686835,1.0309357595843769
2025-07-10,0.003949265259476486,0.0003262277409093469,0.003623037518567139,0.004664897918701172,1.2171311884522735,1.0357449696635768
2025-07-11,0.0022779425114895606,0.00033681895912046373,0.001941123552369097,0.001194596290588379,1.2194937904685013,1.0369822667623325
2025-07-14,0.0018041655324769988,0.0003275097127709124,0.0014766558197060863,0.0007123947143554688,1.2212945630712921,1.0377210074480543
2025-07-15,-0.0011371051484021964,0.00033043679063818636,-0.0014675419390403827,0.0003459453582763672,1.219502262080063,1.0380800022137668
2025-07-16,-0.0002684159085606425,0.0003396933313549233,-0.0006081092399155658,-0.0029509663581848145,1.218760671486394,1.0350166630501296
2025-07-17,0.0024103402369219976,0.0003323330911877841,0.0020780071457342135,0.006810188293457031,1.2212932648706827,1.0420653214123665
2025-07-18,0.0056799753827364964,0.0003273807826200718,0.005352594600116425,0.005963563919067383,1.2278303526053882,1.0482797445644527
2025-07-21,0.022444207126872426,0.0002729417587858169,0.02217126536808661,0.006667494773864746,1.2550529051799935,1.0552691442828845
2025-07-22,0.020919635752103437,0.00020813616266195624,0.02071149958944148,0.008162856101989746,1.2810469329103562,1.0638831544565355
2025-07-23,0.0014100157953541755,0.0002776048487472449,0.0011324109466069306,0.00019657611846923828,1.2824976044803011,1.0640922884775434
2025-07-24,0.009961241313595246,0.0002624772802179331,0.009698764033377313,0.0071048736572265625,1.294936246119527,1.0716525297468056
2025-07-25,-0.0049025297623806335,0.0003364302399981105,-0.005238960002378744,-0.00527346134185791,1.2881521269204763,1.0660012115592816
2025-07-28,-0.002668883856232084,0.0003734540281229982,-0.003042337884355082,0.0020982027053833008,1.2842331329039336,1.0682378981853171
2025-07-29,-0.0011487858384803462,0.00036210186168330986,-0.001510887700163656,0.00391697883605957,1.2822928008592864,1.0724221634243858
2025-07-30,0.00448800407621082,0.0003397919056567935,0.004148212170554027,-0.00018793344497680664,1.2876120234620247,1.072220619432744
2025-07-31,-0.015529025874410384,0.0003133134825777722,-0.015842339356988158,-0.01822340488433838,1.267213236826201,1.052681108959485
2025-08-01,0.0010551932520197602,0.00031777869601465634,0.0007374145560051038,-0.0050691962242126465,1.268147698312599,1.0473448618566477
2025-08-04,0.0004185978490114093,0.0003241228209067566,9.447502810465267e-05,0.0038890838623046875,1.268267506602038,1.0514180738571621
2025-08-05,0.009029237698450371,0.00032471588389546853,0.008704521814554902,0.008045196533203125,1.2793071687799467,1.059876938899905
2025-08-06,0.003720198393740985,0.0003525595468753516,0.0033676388468656337,0.002446770668029785,1.2836154132986035,1.0624702147057266
2025-08-07,-0.0016415037802484712,0.0003362361278741169,-0.001977739908122588,0.0002868175506591797,1.2810767558690417,1.0627749498103567
2025-08-08,8.398004574607859e-05,0.00033146980330279546,-0.0002474897575567169,-0.00235748291015625,1.2807597024933202,1.0602694760288367
2025-08-11,0.007384864748102587,0.00031955039265653965,0.007065314355446048,0.004272818565368652,1.289808672405223,1.0647998151303064
2025-08-12,-0.0027791657309714454,0.00031714901139800973,-0.003096314742369455,0.005171537399291992,1.2858150187980186,1.070306467197012
2025-08-13,0.003615541037751899,0.00032196819848053285,0.003293572839271366,0.007903337478637695,1.2900499442202589,1.0787654604128385
2025-08-14,-0.003862171690287669,0.00032887294745580876,-0.0041910446377434775,-0.0007829666137695312,1.2846432873191134,1.0779208230732475
2025-08-15,0.006797669384200518,0.00034059812945214026,0.006457071254748378,0.006958484649658203,1.2929383205622673,1.0854215185741496
2025-08-18,0.002079815440257414,0.00033793979509928144,0.0017418756451581326,0.008818864822387695,1.2951904583335465,1.094993704221766
2025-08-19,-0.0002402706911451671,0.0003318416889742571,-0.0005721123801194242,-0.0037835240364074707,1.2944494638377213,1.090850769222128
2025-08-20,0.009671908836158084,0.0003308835613856485,0.009341025274772435,0.01137244701385498,1.3065409489963453,1.1032564117951298
2025-08-21,0.00654656443800115,0.00033406675568297057,0.006212497682318179,0.0039026737213134766,1.3146578316138389,1.1075620616013133
2025-08-22,0.004757211306633492,0.0003297670499900158,0.004427444256643476,0.020972132682800293,1.3204784058798689,1.130790000111652
2025-08-25,0.013341799283280102,0.00033189265305374506,0.013009906630226357,0.0208359956741333,1.337657706647596,1.1543511356623315
2025-08-26,0.0014217330257666112,0.00032583247574994033,0.0010959005500166708,-0.003720998764038086,1.3391236464640452,1.150055796513266
2025-08-27,-0.019586442160739886,0.00032343206924032963,-0.019909874229980216,-0.01492607593536377,1.3124618630845535,1.1328899763646039
2025-08-28,0.005128884077913204,0.0003316592908453489,0.004797224787067855,0.017703533172607422,1.3187580376662238,1.152946131642089
2025-08-29,0.001041366763085009,0.00032700904797873466,0.0007143577151062743,0.00738835334777832,1.3197001026447892,1.161464505053615
2025-09-01,-0.007069271903719966,0.0003258678057530481,-0.007395139709473014,0.005993247032165527,1.309940736011125,1.1684254487514931
2025-09-02,0.0036241232897559275,0.00034049618419894746,0.00328362710555698,-0.007352292537689209,1.3142420929185643,1.1598348430437913
2025-09-03,-0.014379035989953475,0.00033265378174936454,-0.01471168977170284,-0.006819009780883789,1.294907370962633,1.1519259179048658
2025-09-04,-0.006163666007561515,0.00031743047808985785,-0.006481096485651373,-0.02121603488922119,1.2865149513514431,1.127486617440798
2025-09-05,0.011482178868221496,0.0003263346509498515,0.011155844217271643,0.02178823947906494,1.3008671117319106,1.152052565871039
2025-09-08,0.01207214682353376,0.0003389443721211621,0.011733202451412596,0.0016254186630249023,1.3161304489162453,1.1539251336123915
2025-09-09,-0.0005648535602952424,0.0003361955658356846,-0.000901049126130927,-0.007008194923400879,1.314944550725375,1.1458382013490245
2025-09-10,-0.0008425252682928801,0.00033768268410745716,-0.0011802079524003374,0.002051234245300293,1.3133926427096434,1.1481885839072048
2025-09-11,0.029150879417791965,0.00027511615046307565,0.02887576326732889,0.02309596538543701,1.3513178577375786,1.1747071076970796
2025-09-12,-0.002274300890786136,0.0003696524542168252,-0.002643953345002961,-0.005723357200622559,1.347745036367451,1.167983839313619
2025-09-15,-0.0038888762578759375,0.00030928038760104126,-0.004198156645476979,0.002445816993713379,1.3420869915866165,1.1708405140361948
2025-09-16,-0.0023808576256561984,0.0003047420802944708,-0.0026855997059506693,-0.0021442174911499023,1.3384826831566514,1.1683299773266516
2025-09-17,0.005090462465126341,0.000306497964906318,0.0047839645002200224,0.006119251251220703,1.3448859367970323,1.1754792820022464
2025-09-18,-0.014920137726177115,0.0003256356485012697,-0.015245773374678384,-0.011625945568084717,1.3243821105898328,1.161813223853277
2025-09-19,0.0007366175024749261,0.0003445399678100366,0.0003920775346648895,0.0008469820022583008,1.3249013710627071,1.1627972587438664
2025-09-22,-0.0073461296247226875,0.0003496738814558975,-0.007695803506178585,0.0045958757400512695,1.314705190445942,1.1681413304559254
2025-09-23,-0.003241180317780272,0.0003352129699167504,-0.003576393287697022,-0.0006257295608520508,1.3100032876275307,1.167410389894206
2025-09-24,0.005291146852311691,0.0003312242601482266,0.004959922592163464,0.01024162769317627,1.316500802529643,1.1793665724726483
2025-09-25,-0.0023845962360375355,0.00032525697689021526,-0.002709853212927751,0.0060051679611206055,1.312933278600086,1.1864488668280777
2025-09-26,0.0020261677757846606,0.0003215242356927763,0.0017046435400918845,-0.009456813335418701,1.3151713618320233,1.1752288413624656
2025-09-29,0.009754809579107421,0.00033208965349073205,0.009422719925616689,0.015384435653686523,1.3275638532287584,1.193309073850763
2025-09-30,0.0002932493015609516,0.0003350269831490621,-4.17776815881105e-05,0.004467487335205078,1.3275083906888103,1.1986401670251765
2025-10-09,0.009666794438678994,0.00032548883508287804,0.009341305603596115,0.014823198318481445,1.3399090522575725,1.2164078479334883
2025-10-10,0.003995286273023913,0.00033295208972158343,0.0036623341833023296,-0.019673049449920654,1.3448162469821718,1.1924773961898212
2025-10-13,-0.005116677254600964,0.0003262105254418026,-0.005442887780042766,-0.0049492716789245605,1.3374965630650697,1.1865755015851012
2025-10-14,0.0015589485011150578,0.00032670376385103073,0.0012322447372640271,-0.011954843997955322,1.3391446861660155,1.1723901765718556
2025-10-15,0.010506720575861118,0.0003234472451676646,0.010183273330693453,0.014811515808105469,1.3527815625345898,1.1897550522054172
2025-10-16,-0.0010252694776308128,0.00032988206569207606,-0.0013551515433228888,0.002633333206176758,1.3509483385123424,1.1928880736916063
2025-10-17,-0.0171450743815939,0.0003153108756022962,-0.017460385257196193,-0.022559702396392822,1.327360260059348,1.1659768737569174
2025-10-20,0.0009883328309088521,0.00033070261111216325,0.0006576302197966889,0.005314350128173828,1.3282331722789202,1.1721732831054152
2025-10-21,0.007195363646819191,0.0003264343579252013,0.00686892928889399,0.01534736156463623,1.3373567120184675,1.1901630502976408
2025-10-22,-0.00032884046269387584,0.00032112620039731336,-0.0006499666630911892,-0.0033203959465026855,1.3364874747389943,1.1862112377297553
2025-10-23,0.00557505917491633,0.0003293996650330051,0.0052456595098833245,0.0029982328414916992,1.3434982329706988,1.1897677752196631
2025-10-24,-0.0008948449101867332,0.0003285143771193206,-0.0012233592873060538,0.011796832084655762,1.3418546519299148,1.203803265883664
2025-10-27,0.008073893478416309,0.0003295454084304964,0.007744348069985812,0.011873841285705566,1.3522464414137898,1.2180970348019806
2025-10-28,-0.002451659074417018,0.0003275085851441547,-0.0027791676595611725,-0.005099654197692871,1.348488321836056,1.2118851611452555
2025-10-29,0.003564903107593018,0.0003243910944923272,0.0032405120131006908,0.011907577514648438,1.3528581144424916,1.2263157776404447
2025-10-30,0.0017823112989605444,0.0003554699349151236,0.0014268413640454209,-0.007988929748535156,1.3547884283598628,1.216518827043355
2025-10-31,-0.0008927086115799535,0.0003376377094615978,-0.0012303463210415514,-0.01470094919204712,1.3531215694012406,1.1986348455758218
2025-11-03,0.005547107475862182,0.0003346881077479966,0.005212419368114185,0.002743244171142578,1.3601746064770008,1.2019229936292761
2025-11-04,0.0014880928649731078,0.0003309297066334217,0.001157163158339686,-0.007456958293914795,1.3617485504205251,1.1929603039932855
2025-11-05,-0.002778290071900279,0.0003433572100329205,-0.0031216472819331994,0.001853346824645996,1.3574976517594284,1.1951712731846202
2025-11-06,0.010469124127981592,0.00033003951506071935,0.010139084612920873,0.014293551445007324,1.3712614353124586,1.2122545152634796
2025-11-07,-0.002953880244468463,0.00033199370334440327,-0.0032858739478128663,-0.0031129121780395508,1.3667556430865249,1.2084808734200325
2025-11-10,0.01073757782674025,0.00033504100948414075,0.01040253681725611,0.0034753084182739258,1.3809733689839248,1.2126807171727523
2025-11-11,-0.003428334454517063,0.00032914332097554833,-0.0037574777754926115,-0.00913304090499878,1.3757843922414206,1.2016052545781102
2025-11-12,-0.0014251299039678823,0.00033217893912107504,-0.0017573088430889573,-0.0013455748558044434,1.3733667141627508,1.1999884047609475
2025-11-13,0.006017042014499379,0.00033068463492807705,0.005686357379571303,0.01208806037902832,1.3811761681126877,1.2144939370518317
2025-11-14,-0.0096201947070809,0.0003363328564945521,-0.009956527563575452,-0.015722811222076416,1.3674244495247203,1.1953986781492094
2025-11-17,-0.01005829011956645,0.0003248128946836695,-0.01038310301425012,-0.006501495838165283,1.353226340601101,1.187626798618274
2025-11-18,-0.005076129857827982,0.000333271002386749,-0.005409400860214731,-0.006494104862213135,1.3459061968701882,1.1799142256508726
2025-11-19,0.0009729952660678344,0.0003294567362794178,0.0006435385297884166,0.004400014877319336,1.3467723393653552,1.1851058657976972
2025-11-20,-0.000529343346562717,0.00032910391679631613,-0.0008584472633590332,-0.0050868988037109375,1.3456162063362593,1.1790773521867
2025-11-21,-0.013501868122839494,0.00033242540710199476,-0.01383429352994149,-0.024390101432800293,1.3270005567591572,1.1503195359697487
2025-11-24,0.0007965401554676693,0.00033137409873904575,0.0004651660567286236,-0.001248478889465332,1.3276178323754213,1.1488833863129508
2025-11-25,-8.960429797929058e-05,0.0003315390853101266,-0.00042114338328941715,0.009521007537841797,1.3270587149097792,1.1598219136941377
2025-11-26,-0.0012693939571007222,0.000330027960023489,-0.0015994219171242112,0.006064057350158691,1.3249361881158417,1.1668551402947498
2025-11-27,0.0015751989861336215,0.00032551062121420366,0.0012496883649194177,-0.0004935860633850098,1.3265919454543906,1.1662791968595112
2025-11-28,0.0012556656016820711,0.00034206551675693326,0.0009136000849251379,0.002493619918823242,1.3278039199684188,1.1691874538957092
2025-12-01,0.008455633528627897,0.000332212403928717,0.00812342112469918,0.011008143424987793,1.3385902303813488,1.1820580370788896
2025-12-02,3.698837041064129e-05,0.0003344558698034457,-0.0002974674993928044,-0.004842042922973633,1.3381920432928056,1.1763344613259077
2025-12-03,-0.003418500406626352,0.0003331389241855267,-0.003751639330811879,-0.005111634731292725,1.3331716293910088,1.1703214692377777
2025-12-04,-0.0030818846742718337,0.00033407789692116956,-0.0034159625711930033,0.0034252405166625977,1.3286175650040326,1.174330101751731
2025-12-05,0.001852409686189409,0.0003332976184253824,0.0015191120677640266,0.008351325988769531,1.3306358839804735,1.1841373152498844
2025-12-08,-0.0025584940019600616,0.0003383592356102255,-0.0028968532375702872,0.008116364479064941,1.3267812271119375,1.1937482052937138
2025-12-09,-0.0073852094905903914,0.00033082003403015967,-0.007716029524620551,-0.00509113073348999,1.3165437439908294,1.1876706771176946
2025-12-10,-0.000973672925693288,0.00033324581434267513,-0.0013069187400359633,-0.001389622688293457,1.3148231282997307,1.186020262998551
2025-12-11,-0.0023128212586525834,0.0003286166347673657,-0.002641437893419949,-0.008634865283966064,1.3113501046654947,1.1757791378035045
2025-12-12,0.003211421994099673,0.0003377536244376458,0.0028736683696620273,0.006319999694824219,1.3151184899828248,1.1832100615956034
2025-12-15,0.0003686269305049252,0.0003337019399958647,3.4924990509060494e-05,-0.006306469440460205,1.315164420483606,1.1757481835005057
2025-12-16,-0.004722308577487111,0.0003296802523075057,-0.005051988829794616,-0.011974811553955078,1.3085202245219794,1.1616688205681822
2025-12-17,0.00986472179484001,0.00033177484717934736,0.009532946947660662,0.018305540084838867,1.3209942784022883,1.1829337957284005
2025-12-18,2.793522323468921e-06,0.00033267923894668097,-0.00032988571662321203,-0.005915045738220215,1.3205585012581025,1.1759366882213806
2025-12-19,0.0021817529436835956,0.0003294116339419102,0.0018523413097416854,0.003380417823791504,1.3230046263219135,1.1799118455618947
2025-12-22,0.0038189276936370317,0.00033373622003585234,0.0034851914736011794,0.00950920581817627,1.3276155507651055,1.1911318701486469
2025-12-23,0.002069022271870332,0.0003382097640920917,0.0017308125077782404,0.001975536346435547,1.3299134043658907,1.1934849944515233
2025-12-24,2.3216201988895105e-05,0.00032974893902664517,-0.00030653273703775004,0.0028847455978393555,1.3295057423700272,1.1969278950353548
2025-12-25,0.0030855052231301442,0.0003290506874740981,0.002756454535656046,0.001829981803894043,1.3331704645037636,1.1991182513038428
2025-12-26,9.656887317494357e-05,0.0003302138220206807,-0.00023364494884573712,0.0031663179397583008,1.332858975958782,1.2029150409348377
2025-12-29,-0.008099565451279697,0.0003266983418903719,-0.00842626379317007,-0.003837108612060547,1.321627954628259,1.1982993252716894
2025-12-30,-0.00571815732004126,0.00033098563416714876,-0.006049142954208409,0.0025671720504760742,1.3136332381984346,1.2013755658076313
2025-12-31,-0.0010951433534737434,0.00032656414567854296,-0.0014217074991522863,-0.004588007926940918,1.3117656359725522,1.1958636451884728
